x,y,v
0,0,1
0,5,1
0,10,1
0,15,1
0,20,1
0,25,1
0,30,1
0,35,1
0,40,1
0,45,1
0,50,1
0,55,1
0,60,1
0,65,1
0,70,1
0,75,1
0,80,1
0,85,1
0,90,1
0,95,1
0,100,1
0,105,1
0,110,1
0,115,1
0,120,1
0,125,1
0,130,1
0,135,1
0,140,1
0,145,1
0,150,1
0,155,1
0,160,1
0,165,1
0,170,1
0,175,1
0,180,1
0,185,1
0,190,1
0,195,1
0,200,1
0,205,1
0,210,1
0,215,1
0,220,1
0,225,1
0,230,1
0,235,1
0,240,1
0,245,1
0,250,1
0,255,1
0,260,1
0,265,1
0,270,1
0,275,1
0,280,1
0,285,1
0,290,1
0,295,1
0,300,1
0,305,1
0,310,1
0,315,1
0,320,1
0,325,1
0,330,1
0,335,1
0,340,1
0,345,1
0,350,1
0,355,1
0,360,1
0,365,1
0,370,1
0,375,1
0,380,1
0,385,1
0,390,1
0,395,1
0,400,1
0,405,1
0,410,1
0,415,1
0,420,1
0,425,1
0,430,1
0,435,1
0,440,1
0,445,1
0,450,1
0,455,1
0,460,1
0,465,1
0,470,1
0,475,1
0,480,1
0,485,1
0,490,1
0,495,1
5,0,1
5,5,1
5,10,1
5,15,1
5,20,1
5,25,1
5,30,1
5,35,1
5,40,1
5,45,1
5,50,1
5,55,1
5,60,1
5,65,1
5,70,1
5,75,1
5,80,1
5,85,1
5,90,1
5,95,1
5,100,1
5,105,1
5,110,1
5,115,1
5,120,1
5,125,1
5,130,1
5,135,1
5,140,1
5,145,1
5,150,1
5,155,1
5,160,1
5,165,1
5,170,1
5,175,1
5,180,1
5,185,1
5,190,1
5,195,1
5,200,1
5,205,1
5,210,1
5,215,1
5,220,1
5,225,1
5,230,1
5,235,1
5,240,1
5,245,1
5,250,1
5,255,1
5,260,1
5,265,1
5,270,1
5,275,1
5,280,1
5,285,1
5,290,1
5,295,1
5,300,1
5,305,1
5,310,1
5,315,1
5,320,1
5,325,1
5,330,1
5,335,1
5,340,1
5,345,1
5,350,1
5,355,1
5,360,1
5,365,1
5,370,1
5,375,1
5,380,1
5,385,1
5,390,1
5,395,1
5,400,1
5,405,1
5,410,1
5,415,1
5,420,1
5,425,1
5,430,1
5,435,1
5,440,1
5,445,1
5,450,1
5,455,1
5,460,1
5,465,1
5,470,1
5,475,1
5,480,1
5,485,1
5,490,1
5,495,1
10,0,1
10,5,1
10,10,1
10,15,1
10,20,1
10,25,1
10,30,1
10,35,1
10,40,1
10,45,1
10,50,1
10,55,1
10,60,1
10,65,1
10,70,1
10,75,1
10,80,1
10,85,1
10,90,1
10,95,1
10,100,1
10,105,1
10,110,1
10,115,1
10,120,1
10,125,1
10,130,1
10,135,1
10,140,1
10,145,1
10,150,1
10,155,1
10,160,1
10,165,1
10,170,1
10,175,1
10,180,1
10,185,1
10,190,1
10,195,1
10,200,1
10,205,1
10,210,1
10,215,1
10,220,1
10,225,1
10,230,1
10,235,1
10,240,1
10,245,1
10,250,1
10,255,1
10,260,1
10,265,1
10,270,1
10,275,1
10,280,1
10,285,1
10,290,1
10,295,1
10,300,1
10,305,1
10,310,1
10,315,1
10,320,1
10,325,1
10,330,1
10,335,1
10,340,1
10,345,1
10,350,1
10,355,1
10,360,1
10,365,1
10,370,1
10,375,1
10,380,1
10,385,1
10,390,1
10,395,1
10,400,1
10,405,1
10,410,1
10,415,1
10,420,1
10,425,1
10,430,1
10,435,1
10,440,1
10,445,1
10,450,1
10,455,1
10,460,1
10,465,1
10,470,1
10,475,1
10,480,1
10,485,1
10,490,1
10,495,1
15,0,1
15,5,1
15,10,1
15,15,1
15,20,1
15,25,1
15,30,1
15,35,1
15,40,1
15,45,1
15,50,1
15,55,1
15,60,1
15,65,1
15,70,1
15,75,1
15,80,1
15,85,1
15,90,1
15,95,1
15,100,1
15,105,1
15,110,1
15,115,1
15,120,1
15,125,1
15,130,1
15,135,1
15,140,1
15,145,1
15,150,1
15,155,1
15,160,1
15,165,1
15,170,1
15,175,1
15,180,1
15,185,1
15,190,1
15,195,1
15,200,1
15,205,1
15,210,1
15,215,1
15,220,1
15,225,1
15,230,1
15,235,1
15,240,1
15,245,1
15,250,1
15,255,1
15,260,1
15,265,1
15,270,1
15,275,1
15,280,1
15,285,1
15,290,1
15,295,1
15,300,1
15,305,1
15,310,1
15,315,1
15,320,1
15,325,1
15,330,1
15,335,1
15,340,1
15,345,1
15,350,1
15,355,1
15,360,1
15,365,1
15,370,1
15,375,1
15,380,1
15,385,1
15,390,1
15,395,1
15,400,1
15,405,1
15,410,1
15,415,1
15,420,1
15,425,1
15,430,1
15,435,1
15,440,1
15,445,1
15,450,1
15,455,1
15,460,1
15,465,1
15,470,1
15,475,1
15,480,1
15,485,1
15,490,1
15,495,1
20,0,1
20,5,1
20,10,1
20,15,1
20,20,1
20,25,1
20,30,1
20,35,1
20,40,1
20,45,1
20,50,1
20,55,1
20,60,1
20,65,1
20,70,1
20,75,1
20,80,1
20,85,1
20,90,1
20,95,1
20,100,1
20,105,1
20,110,1
20,115,1
20,120,1
20,125,1
20,130,1
20,135,1
20,140,1
20,145,1
20,150,1
20,155,1
20,160,1
20,165,1
20,170,1
20,175,1
20,180,1
20,185,1
20,190,1
20,195,1
20,200,1
20,205,1
20,210,1
20,215,1
20,220,1
20,225,1
20,230,1
20,235,1
20,240,1
20,245,1
20,250,1
20,255,1
20,260,1
20,265,1
20,270,1
20,275,1
20,280,1
20,285,1
20,290,1
20,295,1
20,300,1
20,305,1
20,310,1
20,315,1
20,320,1
20,325,1
20,330,1
20,335,1
20,340,1
20,345,1
20,350,1
20,355,1
20,360,1
20,365,1
20,370,1
20,375,1
20,380,1
20,385,1
20,390,1
20,395,1
20,400,1
20,405,1
20,410,1
20,415,1
20,420,1
20,425,1
20,430,1
20,435,1
20,440,1
20,445,1
20,450,1
20,455,1
20,460,1
20,465,1
20,470,1
20,475,1
20,480,1
20,485,1
20,490,1
20,495,1
25,0,1
25,5,1
25,10,1
25,15,1
25,20,1
25,25,1
25,30,1
25,35,1
25,40,1
25,45,1
25,50,1
25,55,1
25,60,1
25,65,1
25,70,1
25,75,1
25,80,1
25,85,1
25,90,1
25,95,1
25,100,1
25,105,1
25,110,1
25,115,1
25,120,1
25,125,1
25,130,1
25,135,1
25,140,1
25,145,1
25,150,1
25,155,1
25,160,1
25,165,1
25,170,1
25,175,1
25,180,1
25,185,1
25,190,1
25,195,1
25,200,1
25,205,1
25,210,1
25,215,1
25,220,1
25,225,1
25,230,1
25,235,1
25,240,1
25,245,1
25,250,1
25,255,1
25,260,1
25,265,1
25,270,1
25,275,1
25,280,1
25,285,1
25,290,1
25,295,1
25,300,1
25,305,1
25,310,1
25,315,1
25,320,1
25,325,1
25,330,1
25,335,1
25,340,1
25,345,1
25,350,1
25,355,1
25,360,1
25,365,1
25,370,1
25,375,1
25,380,1
25,385,1
25,390,1
25,395,1
25,400,1
25,405,1
25,410,1
25,415,1
25,420,1
25,425,1
25,430,1
25,435,1
25,440,1
25,445,1
25,450,1
25,455,1
25,460,1
25,465,1
25,470,1
25,475,1
25,480,1
25,485,1
25,490,1
25,495,1
30,0,1
30,5,1
30,10,1
30,15,1
30,20,1
30,25,1
30,30,1
30,35,1
30,40,1
30,45,1
30,50,1
30,55,1
30,60,1
30,65,1
30,70,1
30,75,1
30,80,1
30,85,1
30,90,1
30,95,1
30,100,1
30,105,1
30,110,1
30,115,1
30,120,1
30,125,1
30,130,1
30,135,1
30,140,1
30,145,1
30,150,1
30,155,1
30,160,1
30,165,1
30,170,1
30,175,1
30,180,1
30,185,1
30,190,1
30,195,1
30,200,1
30,205,1
30,210,1
30,215,1
30,220,1
30,225,1
30,230,1
30,235,1
30,240,1
30,245,1
30,250,1
30,255,1
30,260,1
30,265,1
30,270,1
30,275,1
30,280,1
30,285,1
30,290,1
30,295,1
30,300,1
30,305,1
30,310,1
30,315,1
30,320,1
30,325,1
30,330,1
30,335,1
30,340,1
30,345,1
30,350,1
30,355,1
30,360,1
30,365,1
30,370,1
30,375,1
30,380,1
30,385,1
30,390,1
30,395,1
30,400,1
30,405,1
30,410,1
30,415,1
30,420,1
30,425,1
30,430,1
30,435,1
30,440,1
30,445,1
30,450,1
30,455,1
30,460,1
30,465,1
30,470,1
30,475,1
30,480,1
30,485,1
30,490,1
30,495,1
35,0,1
35,5,1
35,10,1
35,15,1
35,20,1
35,25,1
35,30,1
35,35,1
35,40,1
35,45,1
35,50,1
35,55,1
35,60,1
35,65,1
35,70,1
35,75,1
35,80,1
35,85,1
35,90,1
35,95,1
35,100,1
35,105,1
35,110,1
35,115,1
35,120,1
35,125,1
35,130,1
35,135,1
35,140,1
35,145,1
35,150,1
35,155,1
35,160,1
35,165,1
35,170,1
35,175,1
35,180,1
35,185,1
35,190,1
35,195,1
35,200,1
35,205,1
35,210,1
35,215,1
35,220,1
35,225,1
35,230,1
35,235,1
35,240,1
35,245,1
35,250,1
35,255,1
35,260,1
35,265,1
35,270,1
35,275,1
35,280,1
35,285,1
35,290,1
35,295,1
35,300,1
35,305,1
35,310,1
35,315,1
35,320,1
35,325,1
35,330,1
35,335,1
35,340,1
35,345,1
35,350,1
35,355,1
35,360,1
35,365,1
35,370,1
35,375,1
35,380,1
35,385,1
35,390,1
35,395,1
35,400,1
35,405,1
35,410,1
35,415,1
35,420,1
35,425,1
35,430,1
35,435,1
35,440,1
35,445,1
35,450,1
35,455,1
35,460,1
35,465,1
35,470,1
35,475,1
35,480,1
35,485,1
35,490,1
35,495,1
40,0,1
40,5,1
40,10,1
40,15,1
40,20,1
40,25,1
40,30,1
40,35,1
40,40,1
40,45,1
40,50,1
40,55,1
40,60,1
40,65,1
40,70,1
40,75,1
40,80,1
40,85,1
40,90,1
40,95,1
40,100,1
40,105,1
40,110,1
40,115,1
40,120,1
40,125,1
40,130,1
40,135,1
40,140,1
40,145,1
40,150,1
40,155,1
40,160,1
40,165,1
40,170,1
40,175,1
40,180,1
40,185,1
40,190,1
40,195,1
40,200,1
40,205,1
40,210,1
40,215,1
40,220,1
40,225,1
40,230,1
40,235,1
40,240,1
40,245,1
40,250,1
40,255,1
40,260,1
40,265,1
40,270,1
40,275,1
40,280,1
40,285,1
40,290,1
40,295,1
40,300,1
40,305,1
40,310,1
40,315,1
40,320,1
40,325,1
40,330,1
40,335,1
40,340,1
40,345,1
40,350,1
40,355,1
40,360,1
40,365,1
40,370,1
40,375,1
40,380,1
40,385,1
40,390,1
40,395,1
40,400,1
40,405,1
40,410,1
40,415,1
40,420,1
40,425,1
40,430,1
40,435,1
40,440,1
40,445,1
40,450,1
40,455,1
40,460,1
40,465,1
40,470,1
40,475,1
40,480,1
40,485,1
40,490,1
40,495,1
45,0,1
45,5,1
45,10,1
45,15,1
45,20,1
45,25,1
45,30,1
45,35,1
45,40,1
45,45,1
45,50,1
45,55,1
45,60,1
45,65,1
45,70,1
45,75,1
45,80,1
45,85,1
45,90,1
45,95,1
45,100,1
45,105,1
45,110,1
45,115,1
45,120,1
45,125,1
45,130,1
45,135,1
45,140,1
45,145,1
45,150,1
45,155,1
45,160,1
45,165,1
45,170,1
45,175,1
45,180,1
45,185,1
45,190,1
45,195,1
45,200,1
45,205,1
45,210,1
45,215,1
45,220,1
45,225,1
45,230,1
45,235,1
45,240,1
45,245,1
45,250,1
45,255,1
45,260,1
45,265,1
45,270,1
45,275,1
45,280,1
45,285,1
45,290,1
45,295,1
45,300,1
45,305,1
45,310,1
45,315,1
45,320,1
45,325,1
45,330,1
45,335,1
45,340,1
45,345,1
45,350,1
45,355,1
45,360,1
45,365,1
45,370,1
45,375,1
45,380,1
45,385,1
45,390,1
45,395,1
45,400,1
45,405,1
45,410,1
45,415,1
45,420,1
45,425,1
45,430,1
45,435,1
45,440,1
45,445,1
45,450,1
45,455,1
45,460,1
45,465,1
45,470,1
45,475,1
45,480,1
45,485,1
45,490,1
45,495,1
50,0,1
50,5,1
50,10,1
50,15,1
50,20,1
50,25,1
50,30,1
50,35,1
50,40,1
50,45,1
50,50,1
50,55,1
50,60,1
50,65,1
50,70,1
50,75,1
50,80,1
50,85,1
50,90,1
50,95,1
50,100,1
50,105,1
50,110,1
50,115,1
50,120,1
50,125,1
50,130,1
50,135,1
50,140,1
50,145,1
50,150,1
50,155,1
50,160,1
50,165,1
50,170,1
50,175,1
50,180,1
50,185,1
50,190,1
50,195,1
50,200,1
50,205,1
50,210,1
50,215,1
50,220,1
50,225,1
50,230,1
50,235,1
50,240,1
50,245,1
50,250,1
50,255,1
50,260,1
50,265,1
50,270,1
50,275,1
50,280,1
50,285,1
50,290,1
50,295,1
50,300,1
50,305,1
50,310,1
50,315,1
50,320,1
50,325,1
50,330,1
50,335,1
50,340,1
50,345,1
50,350,1
50,355,1
50,360,1
50,365,1
50,370,1
50,375,1
50,380,1
50,385,1
50,390,1
50,395,1
50,400,1
50,405,1
50,410,1
50,415,1
50,420,1
50,425,1
50,430,1
50,435,1
50,440,1
50,445,1
50,450,1
50,455,1
50,460,1
50,465,1
50,470,1
50,475,1
50,480,1
50,485,1
50,490,1
50,495,1
55,0,1
55,5,1
55,10,1
55,15,1
55,20,1
55,25,1
55,30,1
55,35,1
55,40,1
55,45,1
55,50,1
55,55,1
55,60,1
55,65,1
55,70,1
55,75,1
55,80,1
55,85,1
55,90,1
55,95,1
55,100,1
55,105,1
55,110,1
55,115,1
55,120,1
55,125,1
55,130,1
55,135,1
55,140,1
55,145,1
55,150,1
55,155,1
55,160,1
55,165,1
55,170,1
55,175,1
55,180,1
55,185,1
55,190,1
55,195,1
55,200,1
55,205,1
55,210,1
55,215,1
55,220,1
55,225,1
55,230,1
55,235,1
55,240,1
55,245,5
55,250,5
55,255,5
55,260,5
55,265,5
55,270,5
55,275,5
55,280,4
55,285,1
55,290,1
55,295,1
55,300,1
55,305,1
55,310,1
55,315,1
55,320,1
55,325,1
55,330,1
55,335,1
55,340,1
55,345,1
55,350,1
55,355,1
55,360,1
55,365,1
55,370,1
55,375,1
55,380,1
55,385,1
55,390,1
55,395,1
55,400,1
55,405,1
55,410,1
55,415,1
55,420,1
55,425,1
55,430,1
55,435,1
55,440,1
55,445,1
55,450,1
55,455,1
55,460,1
55,465,1
55,470,1
55,475,1
55,480,1
55,485,1
55,490,1
55,495,1
60,0,1
60,5,1
60,10,1
60,15,1
60,20,1
60,25,1
60,30,1
60,35,1
60,40,1
60,45,1
60,50,1
60,55,1
60,60,1
60,65,1
60,70,1
60,75,1
60,80,1
60,85,1
60,90,1
60,95,1
60,100,1
60,105,1
60,110,1
60,115,1
60,120,1
60,125,1
60,130,1
60,135,1
60,140,1
60,145,1
60,150,1
60,155,1
60,160,1
60,165,1
60,170,1
60,175,1
60,180,1
60,185,1
60,190,1
60,195,1
60,200,1
60,205,1
60,210,1
60,215,1
60,220,1
60,225,1
60,230,1
60,235,1
60,240,5
60,245,2
60,250,1
60,255,1
60,260,5
60,265,1
60,270,1
60,275,1
60,280,5
60,285,5
60,290,1
60,295,1
60,300,1
60,305,1
60,310,1
60,315,1
60,320,1
60,325,1
60,330,1
60,335,1
60,340,1
60,345,1
60,350,1
60,355,1
60,360,1
60,365,1
60,370,1
60,375,1
60,380,1
60,385,1
60,390,1
60,395,1
60,400,1
60,405,1
60,410,1
60,415,1
60,420,1
60,425,1
60,430,1
60,435,1
60,440,1
60,445,1
60,450,1
60,455,1
60,460,1
60,465,1
60,470,1
60,475,1
60,480,1
60,485,1
60,490,1
60,495,1
65,0,1
65,5,1
65,10,1
65,15,1
65,20,1
65,25,1
65,30,1
65,35,1
65,40,1
65,45,1
65,50,1
65,55,1
65,60,1
65,65,1
65,70,1
65,75,1
65,80,1
65,85,1
65,90,1
65,95,1
65,100,1
65,105,1
65,110,1
65,115,1
65,120,1
65,125,1
65,130,1
65,135,1
65,140,1
65,145,1
65,150,1
65,155,1
65,160,1
65,165,1
65,170,1
65,175,1
65,180,1
65,185,1
65,190,1
65,195,1
65,200,1
65,205,1
65,210,1
65,215,1
65,220,1
65,225,1
65,230,1
65,235,5
65,240,1
65,245,1
65,250,1
65,255,1
65,260,5
65,265,1
65,270,1
65,275,1
65,280,1
65,285,2
65,290,5
65,295,1
65,300,1
65,305,1
65,310,1
65,315,1
65,320,1
65,325,1
65,330,1
65,335,1
65,340,1
65,345,1
65,350,1
65,355,1
65,360,1
65,365,1
65,370,1
65,375,1
65,380,1
65,385,1
65,390,1
65,395,1
65,400,1
65,405,1
65,410,1
65,415,1
65,420,1
65,425,1
65,430,1
65,435,1
65,440,1
65,445,1
65,450,1
65,455,1
65,460,1
65,465,1
65,470,1
65,475,1
65,480,1
65,485,1
65,490,1
65,495,1
70,0,1
70,5,1
70,10,1
70,15,1
70,20,1
70,25,1
70,30,1
70,35,1
70,40,1
70,45,1
70,50,1
70,55,1
70,60,1
70,65,1
70,70,1
70,75,1
70,80,1
70,85,1
70,90,1
70,95,1
70,100,1
70,105,1
70,110,1
70,115,1
70,120,1
70,125,1
70,130,1
70,135,1
70,140,1
70,145,1
70,150,1
70,155,1
70,160,1
70,165,1
70,170,1
70,175,1
70,180,1
70,185,1
70,190,1
70,195,1
70,200,1
70,205,1
70,210,1
70,215,1
70,220,1
70,225,1
70,230,5
70,235,1
70,240,1
70,245,1
70,250,1
70,255,1
70,260,5
70,265,1
70,270,1
70,275,1
70,280,1
70,285,1
70,290,5
70,295,1
70,300,1
70,305,1
70,310,1
70,315,1
70,320,1
70,325,1
70,330,1
70,335,1
70,340,1
70,345,1
70,350,1
70,355,1
70,360,1
70,365,1
70,370,1
70,375,1
70,380,1
70,385,1
70,390,1
70,395,1
70,400,1
70,405,1
70,410,1
70,415,1
70,420,1
70,425,1
70,430,1
70,435,1
70,440,1
70,445,1
70,450,1
70,455,1
70,460,1
70,465,1
70,470,1
70,475,1
70,480,1
70,485,1
70,490,1
70,495,1
75,0,1
75,5,1
75,10,1
75,15,1
75,20,1
75,25,1
75,30,1
75,35,1
75,40,1
75,45,1
75,50,1
75,55,1
75,60,1
75,65,1
75,70,1
75,75,1
75,80,1
75,85,1
75,90,1
75,95,1
75,100,1
75,105,1
75,110,1
75,115,1
75,120,1
75,125,1
75,130,1
75,135,1
75,140,1
75,145,1
75,150,1
75,155,1
75,160,1
75,165,1
75,170,1
75,175,1
75,180,1
75,185,1
75,190,1
75,195,1
75,200,1
75,205,1
75,210,1
75,215,1
75,220,1
75,225,1
75,230,5
75,235,1
75,240,1
75,245,1
75,250,1
75,255,1
75,260,5
75,265,1
75,270,1
75,275,1
75,280,1
75,285,1
75,290,1
75,295,4
75,300,1
75,305,1
75,310,1
75,315,1
75,320,1
75,325,1
75,330,1
75,335,1
75,340,1
75,345,1
75,350,1
75,355,1
75,360,1
75,365,1
75,370,1
75,375,1
75,380,1
75,385,1
75,390,1
75,395,1
75,400,1
75,405,1
75,410,1
75,415,1
75,420,1
75,425,1
75,430,1
75,435,1
75,440,1
75,445,1
75,450,1
75,455,1
75,460,1
75,465,1
75,470,1
75,475,1
75,480,1
75,485,1
75,490,1
75,495,1
80,0,1
80,5,1
80,10,1
80,15,1
80,20,1
80,25,1
80,30,1
80,35,1
80,40,1
80,45,1
80,50,1
80,55,1
80,60,1
80,65,1
80,70,1
80,75,1
80,80,1
80,85,1
80,90,1
80,95,1
80,100,1
80,105,1
80,110,1
80,115,1
80,120,1
80,125,1
80,130,1
80,135,1
80,140,1
80,145,1
80,150,1
80,155,1
80,160,1
80,165,1
80,170,1
80,175,1
80,180,1
80,185,1
80,190,1
80,195,1
80,200,1
80,205,1
80,210,1
80,215,1
80,220,1
80,225,1
80,230,5
80,235,1
80,240,1
80,245,1
80,250,1
80,255,1
80,260,5
80,265,1
80,270,1
80,275,1
80,280,1
80,285,1
80,290,1
80,295,5
80,300,1
80,305,1
80,310,1
80,315,1
80,320,1
80,325,1
80,330,1
80,335,1
80,340,1
80,345,1
80,350,1
80,355,1
80,360,1
80,365,1
80,370,1
80,375,1
80,380,1
80,385,1
80,390,1
80,395,1
80,400,1
80,405,1
80,410,1
80,415,1
80,420,1
80,425,1
80,430,1
80,435,1
80,440,1
80,445,1
80,450,1
80,455,1
80,460,1
80,465,1
80,470,1
80,475,1
80,480,1
80,485,1
80,490,1
80,495,1
85,0,1
85,5,1
85,10,1
85,15,1
85,20,1
85,25,1
85,30,1
85,35,1
85,40,1
85,45,1
85,50,1
85,55,1
85,60,1
85,65,1
85,70,1
85,75,1
85,80,1
85,85,1
85,90,1
85,95,1
85,100,1
85,105,1
85,110,1
85,115,1
85,120,1
85,125,1
85,130,1
85,135,1
85,140,1
85,145,1
85,150,1
85,155,1
85,160,1
85,165,1
85,170,1
85,175,1
85,180,1
85,185,1
85,190,1
85,195,1
85,200,1
85,205,1
85,210,1
85,215,1
85,220,1
85,225,1
85,230,5
85,235,1
85,240,1
85,245,1
85,250,1
85,255,1
85,260,5
85,265,1
85,270,1
85,275,1
85,280,1
85,285,1
85,290,1
85,295,4
85,300,1
85,305,1
85,310,1
85,315,1
85,320,1
85,325,1
85,330,1
85,335,1
85,340,1
85,345,1
85,350,1
85,355,1
85,360,1
85,365,1
85,370,1
85,375,1
85,380,1
85,385,1
85,390,1
85,395,1
85,400,1
85,405,1
85,410,1
85,415,1
85,420,1
85,425,1
85,430,1
85,435,1
85,440,1
85,445,1
85,450,1
85,455,1
85,460,1
85,465,1
85,470,1
85,475,1
85,480,1
85,485,1
85,490,1
85,495,1
90,0,1
90,5,1
90,10,1
90,15,1
90,20,1
90,25,1
90,30,1
90,35,1
90,40,1
90,45,1
90,50,1
90,55,1
90,60,1
90,65,1
90,70,1
90,75,1
90,80,1
90,85,1
90,90,1
90,95,1
90,100,1
90,105,1
90,110,1
90,115,1
90,120,1
90,125,1
90,130,1
90,135,1
90,140,1
90,145,1
90,150,1
90,155,1
90,160,1
90,165,1
90,170,1
90,175,1
90,180,1
90,185,1
90,190,1
90,195,1
90,200,1
90,205,1
90,210,1
90,215,1
90,220,1
90,225,1
90,230,5
90,235,1
90,240,1
90,245,1
90,250,1
90,255,1
90,260,5
90,265,1
90,270,1
90,275,1
90,280,1
90,285,1
90,290,5
90,295,1
90,300,1
90,305,1
90,310,1
90,315,1
90,320,1
90,325,1
90,330,1
90,335,1
90,340,1
90,345,1
90,350,1
90,355,1
90,360,1
90,365,1
90,370,1
90,375,1
90,380,1
90,385,1
90,390,1
90,395,1
90,400,1
90,405,1
90,410,1
90,415,1
90,420,1
90,425,1
90,430,1
90,435,1
90,440,1
90,445,1
90,450,1
90,455,1
90,460,1
90,465,1
90,470,1
90,475,1
90,480,1
90,485,1
90,490,1
90,495,1
95,0,1
95,5,1
95,10,1
95,15,1
95,20,1
95,25,1
95,30,1
95,35,1
95,40,1
95,45,1
95,50,1
95,55,1
95,60,1
95,65,1
95,70,1
95,75,1
95,80,1
95,85,1
95,90,1
95,95,1
95,100,1
95,105,1
95,110,1
95,115,1
95,120,1
95,125,1
95,130,1
95,135,1
95,140,1
95,145,1
95,150,1
95,155,1
95,160,1
95,165,1
95,170,1
95,175,1
95,180,1
95,185,1
95,190,1
95,195,1
95,200,1
95,205,1
95,210,1
95,215,1
95,220,1
95,225,1
95,230,1
95,235,5
95,240,1
95,245,1
95,250,1
95,255,1
95,260,5
95,265,1
95,270,1
95,275,1
95,280,1
95,285,1
95,290,5
95,295,1
95,300,1
95,305,1
95,310,1
95,315,1
95,320,1
95,325,1
95,330,1
95,335,1
95,340,1
95,345,1
95,350,1
95,355,1
95,360,1
95,365,1
95,370,1
95,375,1
95,380,1
95,385,1
95,390,1
95,395,1
95,400,1
95,405,1
95,410,1
95,415,1
95,420,1
95,425,1
95,430,1
95,435,1
95,440,1
95,445,1
95,450,1
95,455,1
95,460,1
95,465,1
95,470,1
95,475,1
95,480,1
95,485,1
95,490,1
95,495,1
100,0,1
100,5,1
100,10,1
100,15,1
100,20,1
100,25,1
100,30,1
100,35,1
100,40,1
100,45,1
100,50,1
100,55,1
100,60,1
100,65,1
100,70,1
100,75,1
100,80,1
100,85,1
100,90,1
100,95,1
100,100,1
100,105,1
100,110,1
100,115,1
100,120,1
100,125,1
100,130,1
100,135,1
100,140,1
100,145,1
100,150,1
100,155,1
100,160,1
100,165,1
100,170,1
100,175,1
100,180,1
100,185,1
100,190,1
100,195,1
100,200,1
100,205,1
100,210,1
100,215,1
100,220,1
100,225,1
100,230,1
100,235,3
100,240,5
100,245,1
100,250,1
100,255,1
100,260,5
100,265,1
100,270,1
100,275,1
100,280,4
100,285,5
100,290,1
100,295,1
100,300,1
100,305,1
100,310,1
100,315,1
100,320,1
100,325,1
100,330,1
100,335,1
100,340,1
100,345,1
100,350,1
100,355,1
100,360,1
100,365,1
100,370,1
100,375,1
100,380,1
100,385,1
100,390,1
100,395,1
100,400,1
100,405,1
100,410,1
100,415,1
100,420,1
100,425,1
100,430,1
100,435,1
100,440,1
100,445,1
100,450,1
100,455,1
100,460,1
100,465,1
100,470,1
100,475,1
100,480,1
100,485,1
100,490,1
100,495,1
105,0,1
105,5,1
105,10,1
105,15,1
105,20,1
105,25,1
105,30,1
105,35,1
105,40,1
105,45,1
105,50,1
105,55,1
105,60,1
105,65,1
105,70,1
105,75,1
105,80,1
105,85,1
105,90,1
105,95,1
105,100,1
105,105,1
105,110,1
105,115,1
105,120,1
105,125,1
105,130,1
105,135,1
105,140,1
105,145,1
105,150,1
105,155,1
105,160,1
105,165,1
105,170,1
105,175,1
105,180,1
105,185,1
105,190,1
105,195,1
105,200,1
105,205,1
105,210,1
105,215,1
105,220,1
105,225,1
105,230,1
105,235,1
105,240,1
105,245,5
105,250,5
105,255,5
105,260,5
105,265,1
105,270,1
105,275,5
105,280,5
105,285,1
105,290,1
105,295,1
105,300,1
105,305,1
105,310,1
105,315,1
105,320,1
105,325,1
105,330,1
105,335,1
105,340,1
105,345,1
105,350,1
105,355,1
105,360,1
105,365,1
105,370,1
105,375,1
105,380,1
105,385,1
105,390,1
105,395,1
105,400,1
105,405,1
105,410,1
105,415,1
105,420,1
105,425,1
105,430,1
105,435,1
105,440,1
105,445,1
105,450,1
105,455,1
105,460,1
105,465,1
105,470,1
105,475,1
105,480,1
105,485,1
105,490,1
105,495,1
110,0,1
110,5,1
110,10,1
110,15,1
110,20,1
110,25,1
110,30,1
110,35,1
110,40,1
110,45,1
110,50,1
110,55,1
110,60,1
110,65,1
110,70,1
110,75,1
110,80,1
110,85,1
110,90,1
110,95,1
110,100,1
110,105,1
110,110,1
110,115,1
110,120,1
110,125,1
110,130,1
110,135,1
110,140,1
110,145,1
110,150,1
110,155,1
110,160,1
110,165,1
110,170,1
110,175,1
110,180,1
110,185,1
110,190,1
110,195,1
110,200,1
110,205,1
110,210,1
110,215,1
110,220,1
110,225,1
110,230,1
110,235,1
110,240,1
110,245,1
110,250,1
110,255,1
110,260,1
110,265,1
110,270,1
110,275,1
110,280,1
110,285,1
110,290,1
110,295,1
110,300,1
110,305,1
110,310,1
110,315,1
110,320,1
110,325,1
110,330,1
110,335,1
110,340,1
110,345,1
110,350,1
110,355,1
110,360,1
110,365,1
110,370,1
110,375,1
110,380,1
110,385,1
110,390,1
110,395,1
110,400,1
110,405,1
110,410,1
110,415,1
110,420,1
110,425,1
110,430,1
110,435,1
110,440,1
110,445,1
110,450,1
110,455,1
110,460,1
110,465,1
110,470,1
110,475,1
110,480,1
110,485,1
110,490,1
110,495,1
115,0,1
115,5,1
115,10,1
115,15,1
115,20,1
115,25,1
115,30,1
115,35,1
115,40,1
115,45,1
115,50,1
115,55,1
115,60,1
115,65,1
115,70,1
115,75,1
115,80,1
115,85,1
115,90,1
115,95,1
115,100,1
115,105,1
115,110,1
115,115,1
115,120,1
115,125,1
115,130,1
115,135,1
115,140,1
115,145,1
115,150,1
115,155,1
115,160,1
115,165,1
115,170,1
115,175,1
115,180,1
115,185,1
115,190,1
115,195,1
115,200,1
115,205,1
115,210,1
115,215,1
115,220,1
115,225,1
115,230,5
115,235,1
115,240,1
115,245,1
115,250,1
115,255,1
115,260,1
115,265,1
115,270,1
115,275,1
115,280,1
115,285,1
115,290,1
115,295,1
115,300,1
115,305,1
115,310,1
115,315,1
115,320,1
115,325,1
115,330,1
115,335,1
115,340,1
115,345,1
115,350,1
115,355,1
115,360,1
115,365,1
115,370,1
115,375,1
115,380,1
115,385,1
115,390,1
115,395,1
115,400,1
115,405,1
115,410,1
115,415,1
115,420,1
115,425,1
115,430,1
115,435,1
115,440,1
115,445,1
115,450,1
115,455,1
115,460,1
115,465,1
115,470,1
115,475,1
115,480,1
115,485,1
115,490,1
115,495,1
120,0,1
120,5,1
120,10,1
120,15,1
120,20,1
120,25,1
120,30,1
120,35,1
120,40,1
120,45,1
120,50,1
120,55,1
120,60,1
120,65,1
120,70,1
120,75,1
120,80,1
120,85,1
120,90,1
120,95,1
120,100,1
120,105,1
120,110,1
120,115,1
120,120,1
120,125,1
120,130,1
120,135,1
120,140,1
120,145,1
120,150,1
120,155,1
120,160,1
120,165,1
120,170,1
120,175,1
120,180,1
120,185,1
120,190,1
120,195,1
120,200,1
120,205,1
120,210,1
120,215,1
120,220,1
120,225,1
120,230,5
120,235,1
120,240,1
120,245,1
120,250,1
120,255,1
120,260,1
120,265,1
120,270,1
120,275,1
120,280,1
120,285,1
120,290,1
120,295,1
120,300,1
120,305,1
120,310,1
120,315,1
120,320,1
120,325,1
120,330,1
120,335,1
120,340,1
120,345,1
120,350,1
120,355,1
120,360,1
120,365,1
120,370,1
120,375,1
120,380,1
120,385,1
120,390,1
120,395,1
120,400,1
120,405,1
120,410,1
120,415,1
120,420,1
120,425,1
120,430,1
120,435,1
120,440,1
120,445,1
120,450,1
120,455,1
120,460,1
120,465,1
120,470,1
120,475,1
120,480,1
120,485,1
120,490,1
120,495,1
125,0,1
125,5,1
125,10,1
125,15,1
125,20,1
125,25,1
125,30,1
125,35,1
125,40,1
125,45,1
125,50,1
125,55,1
125,60,1
125,65,1
125,70,1
125,75,1
125,80,1
125,85,1
125,90,1
125,95,1
125,100,1
125,105,1
125,110,1
125,115,1
125,120,1
125,125,1
125,130,1
125,135,1
125,140,1
125,145,1
125,150,1
125,155,1
125,160,1
125,165,1
125,170,1
125,175,1
125,180,1
125,185,1
125,190,1
125,195,1
125,200,1
125,205,1
125,210,5
125,215,5
125,220,5
125,225,5
125,230,5
125,235,5
125,240,5
125,245,5
125,250,5
125,255,5
125,260,5
125,265,5
125,270,5
125,275,5
125,280,5
125,285,4
125,290,1
125,295,1
125,300,1
125,305,1
125,310,1
125,315,1
125,320,1
125,325,1
125,330,1
125,335,1
125,340,1
125,345,1
125,350,1
125,355,1
125,360,1
125,365,1
125,370,1
125,375,1
125,380,1
125,385,1
125,390,1
125,395,1
125,400,1
125,405,1
125,410,1
125,415,1
125,420,1
125,425,1
125,430,1
125,435,1
125,440,1
125,445,1
125,450,1
125,455,1
125,460,1
125,465,1
125,470,1
125,475,1
125,480,1
125,485,1
125,490,1
125,495,1
130,0,1
130,5,1
130,10,1
130,15,1
130,20,1
130,25,1
130,30,1
130,35,1
130,40,1
130,45,1
130,50,1
130,55,1
130,60,1
130,65,1
130,70,1
130,75,1
130,80,1
130,85,1
130,90,1
130,95,1
130,100,1
130,105,1
130,110,1
130,115,1
130,120,1
130,125,1
130,130,1
130,135,1
130,140,1
130,145,1
130,150,1
130,155,1
130,160,1
130,165,1
130,170,1
130,175,1
130,180,1
130,185,1
130,190,1
130,195,1
130,200,1
130,205,1
130,210,1
130,215,1
130,220,1
130,225,1
130,230,5
130,235,1
130,240,1
130,245,1
130,250,1
130,255,1
130,260,1
130,265,1
130,270,1
130,275,1
130,280,1
130,285,5
130,290,5
130,295,1
130,300,1
130,305,1
130,310,1
130,315,1
130,320,1
130,325,1
130,330,1
130,335,1
130,340,1
130,345,1
130,350,1
130,355,1
130,360,1
130,365,1
130,370,1
130,375,1
130,380,1
130,385,1
130,390,1
130,395,1
130,400,1
130,405,1
130,410,1
130,415,1
130,420,1
130,425,1
130,430,1
130,435,1
130,440,1
130,445,1
130,450,1
130,455,1
130,460,1
130,465,1
130,470,1
130,475,1
130,480,1
130,485,1
130,490,1
130,495,1
135,0,1
135,5,1
135,10,1
135,15,1
135,20,1
135,25,1
135,30,1
135,35,1
135,40,1
135,45,1
135,50,1
135,55,1
135,60,1
135,65,1
135,70,1
135,75,1
135,80,1
135,85,1
135,90,1
135,95,1
135,100,1
135,105,1
135,110,1
135,115,1
135,120,1
135,125,1
135,130,1
135,135,1
135,140,1
135,145,1
135,150,1
135,155,1
135,160,1
135,165,1
135,170,1
135,175,1
135,180,1
135,185,1
135,190,1
135,195,1
135,200,1
135,205,1
135,210,1
135,215,1
135,220,1
135,225,1
135,230,5
135,235,1
135,240,1
135,245,1
135,250,1
135,255,1
135,260,1
135,265,1
135,270,1
135,275,1
135,280,1
135,285,1
135,290,5
135,295,1
135,300,1
135,305,1
135,310,1
135,315,1
135,320,1
135,325,1
135,330,1
135,335,1
135,340,1
135,345,1
135,350,1
135,355,1
135,360,1
135,365,1
135,370,1
135,375,1
135,380,1
135,385,1
135,390,1
135,395,1
135,400,1
135,405,1
135,410,1
135,415,1
135,420,1
135,425,1
135,430,1
135,435,1
135,440,1
135,445,1
135,450,1
135,455,1
135,460,1
135,465,1
135,470,1
135,475,1
135,480,1
135,485,1
135,490,1
135,495,1
140,0,1
140,5,1
140,10,1
140,15,1
140,20,1
140,25,1
140,30,1
140,35,1
140,40,1
140,45,1
140,50,1
140,55,1
140,60,1
140,65,1
140,70,1
140,75,1
140,80,1
140,85,1
140,90,1
140,95,1
140,100,1
140,105,1
140,110,1
140,115,1
140,120,1
140,125,1
140,130,1
140,135,1
140,140,1
140,145,1
140,150,1
140,155,1
140,160,1
140,165,1
140,170,1
140,175,1
140,180,1
140,185,1
140,190,1
140,195,1
140,200,1
140,205,1
140,210,1
140,215,1
140,220,1
140,225,1
140,230,5
140,235,1
140,240,1
140,245,1
140,250,1
140,255,1
140,260,1
140,265,1
140,270,1
140,275,1
140,280,1
140,285,1
140,290,5
140,295,1
140,300,1
140,305,1
140,310,1
140,315,1
140,320,1
140,325,1
140,330,1
140,335,1
140,340,1
140,345,1
140,350,1
140,355,1
140,360,1
140,365,1
140,370,1
140,375,1
140,380,1
140,385,1
140,390,1
140,395,1
140,400,1
140,405,1
140,410,1
140,415,1
140,420,1
140,425,1
140,430,1
140,435,1
140,440,1
140,445,1
140,450,1
140,455,1
140,460,1
140,465,1
140,470,1
140,475,1
140,480,1
140,485,1
140,490,1
140,495,1
145,0,1
145,5,1
145,10,1
145,15,1
145,20,1
145,25,1
145,30,1
145,35,1
145,40,1
145,45,1
145,50,1
145,55,1
145,60,1
145,65,1
145,70,1
145,75,1
145,80,1
145,85,1
145,90,1
145,95,1
145,100,1
145,105,1
145,110,1
145,115,1
145,120,1
145,125,1
145,130,1
145,135,1
145,140,1
145,145,1
145,150,1
145,155,1
145,160,1
145,165,1
145,170,1
145,175,1
145,180,1
145,185,1
145,190,1
145,195,1
145,200,1
145,205,1
145,210,1
145,215,1
145,220,1
145,225,1
145,230,1
145,235,1
145,240,1
145,245,1
145,250,1
145,255,1
145,260,1
145,265,1
145,270,1
145,275,1
145,280,1
145,285,1
145,290,1
145,295,1
145,300,1
145,305,1
145,310,1
145,315,1
145,320,1
145,325,1
145,330,1
145,335,1
145,340,1
145,345,1
145,350,1
145,355,1
145,360,1
145,365,1
145,370,1
145,375,1
145,380,1
145,385,1
145,390,1
145,395,1
145,400,1
145,405,1
145,410,1
145,415,1
145,420,1
145,425,1
145,430,1
145,435,1
145,440,1
145,445,1
145,450,1
145,455,1
145,460,1
145,465,1
145,470,1
145,475,1
145,480,1
145,485,1
145,490,1
145,495,1
150,0,1
150,5,1
150,10,1
150,15,1
150,20,1
150,25,1
150,30,1
150,35,1
150,40,1
150,45,1
150,50,1
150,55,1
150,60,1
150,65,1
150,70,1
150,75,1
150,80,1
150,85,1
150,90,1
150,95,1
150,100,1
150,105,1
150,110,1
150,115,1
150,120,1
150,125,1
150,130,1
150,135,1
150,140,1
150,145,1
150,150,1
150,155,1
150,160,1
150,165,1
150,170,1
150,175,1
150,180,1
150,185,1
150,190,1
150,195,1
150,200,1
150,205,1
150,210,1
150,215,1
150,220,1
150,225,1
150,230,1
150,235,1
150,240,1
150,245,1
150,250,1
150,255,1
150,260,1
150,265,1
150,270,1
150,275,1
150,280,1
150,285,1
150,290,1
150,295,1
150,300,1
150,305,1
150,310,1
150,315,1
150,320,1
150,325,1
150,330,1
150,335,1
150,340,1
150,345,1
150,350,1
150,355,1
150,360,1
150,365,1
150,370,1
150,375,1
150,380,1
150,385,1
150,390,1
150,395,1
150,400,1
150,405,1
150,410,1
150,415,1
150,420,1
150,425,1
150,430,1
150,435,1
150,440,1
150,445,1
150,450,1
150,455,1
150,460,1
150,465,1
150,470,1
150,475,1
150,480,1
150,485,1
150,490,1
150,495,1
155,0,1
155,5,1
155,10,1
155,15,1
155,20,1
155,25,1
155,30,1
155,35,1
155,40,1
155,45,1
155,50,1
155,55,1
155,60,1
155,65,1
155,70,1
155,75,1
155,80,1
155,85,1
155,90,1
155,95,1
155,100,1
155,105,1
155,110,1
155,115,1
155,120,1
155,125,1
155,130,1
155,135,1
155,140,1
155,145,1
155,150,1
155,155,1
155,160,1
155,165,1
155,170,1
155,175,1
155,180,1
155,185,1
155,190,1
155,195,1
155,200,1
155,205,5
155,210,5
155,215,5
155,220,5
155,225,5
155,230,5
155,235,5
155,240,5
155,245,5
155,250,5
155,255,5
155,260,5
155,265,5
155,270,5
155,275,5
155,280,5
155,285,5
155,290,5
155,295,1
155,300,1
155,305,1
155,310,1
155,315,1
155,320,1
155,325,1
155,330,1
155,335,1
155,340,1
155,345,1
155,350,1
155,355,1
155,360,1
155,365,1
155,370,1
155,375,1
155,380,1
155,385,1
155,390,1
155,395,1
155,400,1
155,405,1
155,410,1
155,415,1
155,420,1
155,425,1
155,430,1
155,435,1
155,440,1
155,445,1
155,450,1
155,455,1
155,460,1
155,465,1
155,470,1
155,475,1
155,480,1
155,485,1
155,490,1
155,495,1
160,0,1
160,5,1
160,10,1
160,15,1
160,20,1
160,25,1
160,30,1
160,35,1
160,40,1
160,45,1
160,50,1
160,55,1
160,60,1
160,65,1
160,70,1
160,75,1
160,80,1
160,85,1
160,90,1
160,95,1
160,100,1
160,105,1
160,110,1
160,115,1
160,120,1
160,125,1
160,130,1
160,135,1
160,140,1
160,145,1
160,150,1
160,155,1
160,160,1
160,165,1
160,170,1
160,175,1
160,180,1
160,185,1
160,190,1
160,195,1
160,200,1
160,205,1
160,210,1
160,215,1
160,220,1
160,225,1
160,230,1
160,235,1
160,240,5
160,245,3
160,250,1
160,255,1
160,260,1
160,265,1
160,270,1
160,275,1
160,280,1
160,285,1
160,290,1
160,295,1
160,300,1
160,305,1
160,310,1
160,315,1
160,320,1
160,325,1
160,330,1
160,335,1
160,340,1
160,345,1
160,350,1
160,355,1
160,360,1
160,365,1
160,370,1
160,375,1
160,380,1
160,385,1
160,390,1
160,395,1
160,400,1
160,405,1
160,410,1
160,415,1
160,420,1
160,425,1
160,430,1
160,435,1
160,440,1
160,445,1
160,450,1
160,455,1
160,460,1
160,465,1
160,470,1
160,475,1
160,480,1
160,485,1
160,490,1
160,495,1
165,0,1
165,5,1
165,10,1
165,15,1
165,20,1
165,25,1
165,30,1
165,35,1
165,40,1
165,45,1
165,50,1
165,55,1
165,60,1
165,65,1
165,70,1
165,75,1
165,80,1
165,85,1
165,90,1
165,95,1
165,100,1
165,105,1
165,110,1
165,115,1
165,120,1
165,125,1
165,130,1
165,135,1
165,140,1
165,145,1
165,150,1
165,155,1
165,160,1
165,165,1
165,170,1
165,175,1
165,180,1
165,185,1
165,190,1
165,195,1
165,200,1
165,205,1
165,210,1
165,215,1
165,220,1
165,225,1
165,230,1
165,235,5
165,240,1
165,245,1
165,250,1
165,255,1
165,260,1
165,265,1
165,270,1
165,275,1
165,280,1
165,285,1
165,290,1
165,295,1
165,300,1
165,305,1
165,310,1
165,315,1
165,320,1
165,325,1
165,330,1
165,335,1
165,340,1
165,345,1
165,350,1
165,355,1
165,360,1
165,365,1
165,370,1
165,375,1
165,380,1
165,385,1
165,390,1
165,395,1
165,400,1
165,405,1
165,410,1
165,415,1
165,420,1
165,425,1
165,430,1
165,435,1
165,440,1
165,445,1
165,450,1
165,455,1
165,460,1
165,465,1
165,470,1
165,475,1
165,480,1
165,485,1
165,490,1
165,495,1
170,0,1
170,5,1
170,10,1
170,15,1
170,20,1
170,25,1
170,30,1
170,35,1
170,40,1
170,45,1
170,50,1
170,55,1
170,60,1
170,65,1
170,70,1
170,75,1
170,80,1
170,85,1
170,90,1
170,95,1
170,100,1
170,105,1
170,110,1
170,115,1
170,120,1
170,125,1
170,130,1
170,135,1
170,140,1
170,145,1
170,150,1
170,155,1
170,160,1
170,165,1
170,170,1
170,175,1
170,180,1
170,185,1
170,190,1
170,195,1
170,200,1
170,205,1
170,210,1
170,215,1
170,220,1
170,225,1
170,230,5
170,235,1
170,240,1
170,245,1
170,250,1
170,255,1
170,260,1
170,265,1
170,270,1
170,275,1
170,280,1
170,285,1
170,290,1
170,295,1
170,300,1
170,305,1
170,310,1
170,315,1
170,320,1
170,325,1
170,330,1
170,335,1
170,340,1
170,345,1
170,350,1
170,355,1
170,360,1
170,365,1
170,370,1
170,375,1
170,380,1
170,385,1
170,390,1
170,395,1
170,400,1
170,405,1
170,410,1
170,415,1
170,420,1
170,425,1
170,430,1
170,435,1
170,440,1
170,445,1
170,450,1
170,455,1
170,460,1
170,465,1
170,470,1
170,475,1
170,480,1
170,485,1
170,490,1
170,495,1
175,0,1
175,5,1
175,10,1
175,15,1
175,20,1
175,25,1
175,30,1
175,35,1
175,40,1
175,45,1
175,50,1
175,55,1
175,60,1
175,65,1
175,70,1
175,75,1
175,80,1
175,85,1
175,90,1
175,95,1
175,100,1
175,105,1
175,110,1
175,115,1
175,120,1
175,125,1
175,130,1
175,135,1
175,140,1
175,145,1
175,150,1
175,155,1
175,160,1
175,165,1
175,170,1
175,175,1
175,180,1
175,185,1
175,190,1
175,195,1
175,200,1
175,205,1
175,210,1
175,215,1
175,220,1
175,225,1
175,230,5
175,235,1
175,240,1
175,245,1
175,250,1
175,255,1
175,260,1
175,265,1
175,270,1
175,275,1
175,280,1
175,285,1
175,290,1
175,295,1
175,300,1
175,305,1
175,310,1
175,315,1
175,320,1
175,325,1
175,330,1
175,335,1
175,340,1
175,345,1
175,350,1
175,355,1
175,360,1
175,365,1
175,370,1
175,375,1
175,380,1
175,385,1
175,390,1
175,395,1
175,400,1
175,405,1
175,410,1
175,415,1
175,420,1
175,425,1
175,430,1
175,435,1
175,440,1
175,445,1
175,450,1
175,455,1
175,460,1
175,465,1
175,470,1
175,475,1
175,480,1
175,485,1
175,490,1
175,495,1
180,0,1
180,5,1
180,10,1
180,15,1
180,20,1
180,25,1
180,30,1
180,35,1
180,40,1
180,45,1
180,50,1
180,55,1
180,60,1
180,65,1
180,70,1
180,75,1
180,80,1
180,85,1
180,90,1
180,95,1
180,100,1
180,105,1
180,110,1
180,115,1
180,120,1
180,125,1
180,130,1
180,135,1
180,140,1
180,145,1
180,150,1
180,155,1
180,160,1
180,165,1
180,170,1
180,175,1
180,180,1
180,185,1
180,190,1
180,195,1
180,200,1
180,205,1
180,210,1
180,215,1
180,220,1
180,225,1
180,230,5
180,235,1
180,240,1
180,245,1
180,250,1
180,255,1
180,260,1
180,265,1
180,270,1
180,275,1
180,280,1
180,285,1
180,290,1
180,295,1
180,300,1
180,305,1
180,310,1
180,315,1
180,320,1
180,325,1
180,330,1
180,335,1
180,340,1
180,345,1
180,350,1
180,355,1
180,360,1
180,365,1
180,370,1
180,375,1
180,380,1
180,385,1
180,390,1
180,395,1
180,400,1
180,405,1
180,410,1
180,415,1
180,420,1
180,425,1
180,430,1
180,435,1
180,440,1
180,445,1
180,450,1
180,455,1
180,460,1
180,465,1
180,470,1
180,475,1
180,480,1
180,485,1
180,490,1
180,495,1
185,0,1
185,5,1
185,10,1
185,15,1
185,20,1
185,25,1
185,30,1
185,35,1
185,40,1
185,45,1
185,50,1
185,55,1
185,60,1
185,65,1
185,70,1
185,75,1
185,80,1
185,85,1
185,90,1
185,95,1
185,100,1
185,105,1
185,110,1
185,115,1
185,120,1
185,125,1
185,130,1
185,135,1
185,140,1
185,145,1
185,150,1
185,155,1
185,160,1
185,165,1
185,170,1
185,175,1
185,180,1
185,185,1
185,190,1
185,195,1
185,200,1
185,205,1
185,210,1
185,215,1
185,220,1
185,225,1
185,230,5
185,235,1
185,240,1
185,245,1
185,250,1
185,255,1
185,260,1
185,265,1
185,270,1
185,275,1
185,280,1
185,285,1
185,290,1
185,295,1
185,300,1
185,305,1
185,310,1
185,315,1
185,320,1
185,325,1
185,330,1
185,335,1
185,340,1
185,345,1
185,350,1
185,355,1
185,360,1
185,365,1
185,370,1
185,375,1
185,380,1
185,385,1
185,390,1
185,395,1
185,400,1
185,405,1
185,410,1
185,415,1
185,420,1
185,425,1
185,430,1
185,435,1
185,440,1
185,445,1
185,450,1
185,455,1
185,460,1
185,465,1
185,470,1
185,475,1
185,480,1
185,485,1
185,490,1
185,495,1
190,0,1
190,5,1
190,10,1
190,15,1
190,20,1
190,25,1
190,30,1
190,35,1
190,40,1
190,45,1
190,50,1
190,55,1
190,60,1
190,65,1
190,70,1
190,75,1
190,80,1
190,85,1
190,90,1
190,95,1
190,100,1
190,105,1
190,110,1
190,115,1
190,120,1
190,125,1
190,130,1
190,135,1
190,140,1
190,145,1
190,150,1
190,155,1
190,160,1
190,165,1
190,170,1
190,175,1
190,180,1
190,185,1
190,190,1
190,195,1
190,200,1
190,205,1
190,210,1
190,215,1
190,220,1
190,225,1
190,230,5
190,235,1
190,240,1
190,245,1
190,250,1
190,255,1
190,260,1
190,265,1
190,270,1
190,275,1
190,280,1
190,285,1
190,290,1
190,295,1
190,300,1
190,305,1
190,310,1
190,315,1
190,320,1
190,325,1
190,330,1
190,335,1
190,340,1
190,345,1
190,350,1
190,355,1
190,360,1
190,365,1
190,370,1
190,375,1
190,380,1
190,385,1
190,390,1
190,395,1
190,400,1
190,405,1
190,410,1
190,415,1
190,420,1
190,425,1
190,430,1
190,435,1
190,440,1
190,445,1
190,450,1
190,455,1
190,460,1
190,465,1
190,470,1
190,475,1
190,480,1
190,485,1
190,490,1
190,495,1
195,0,1
195,5,1
195,10,1
195,15,1
195,20,1
195,25,1
195,30,1
195,35,1
195,40,1
195,45,1
195,50,1
195,55,1
195,60,1
195,65,1
195,70,1
195,75,1
195,80,1
195,85,1
195,90,1
195,95,1
195,100,1
195,105,1
195,110,1
195,115,1
195,120,1
195,125,1
195,130,1
195,135,1
195,140,1
195,145,1
195,150,1
195,155,1
195,160,1
195,165,1
195,170,1
195,175,1
195,180,1
195,185,1
195,190,1
195,195,1
195,200,1
195,205,1
195,210,1
195,215,1
195,220,1
195,225,1
195,230,1
195,235,5
195,240,1
195,245,1
195,250,1
195,255,1
195,260,1
195,265,1
195,270,1
195,275,1
195,280,1
195,285,1
195,290,1
195,295,1
195,300,1
195,305,1
195,310,1
195,315,1
195,320,1
195,325,1
195,330,1
195,335,1
195,340,1
195,345,1
195,350,1
195,355,1
195,360,1
195,365,1
195,370,1
195,375,1
195,380,1
195,385,1
195,390,1
195,395,1
195,400,1
195,405,1
195,410,1
195,415,1
195,420,1
195,425,1
195,430,1
195,435,1
195,440,1
195,445,1
195,450,1
195,455,1
195,460,1
195,465,1
195,470,1
195,475,1
195,480,1
195,485,1
195,490,1
195,495,1
200,0,1
200,5,1
200,10,1
200,15,1
200,20,1
200,25,1
200,30,1
200,35,1
200,40,1
200,45,1
200,50,1
200,55,1
200,60,1
200,65,1
200,70,1
200,75,1
200,80,1
200,85,1
200,90,1
200,95,1
200,100,1
200,105,1
200,110,1
200,115,1
200,120,1
200,125,1
200,130,1
200,135,1
200,140,1
200,145,1
200,150,1
200,155,1
200,160,1
200,165,1
200,170,1
200,175,1
200,180,1
200,185,1
200,190,1
200,195,1
200,200,1
200,205,1
200,210,1
200,215,1
200,220,1
200,225,1
200,230,1
200,235,1
200,240,5
200,245,5
200,250,5
200,255,5
200,260,5
200,265,5
200,270,5
200,275,5
200,280,5
200,285,5
200,290,5
200,295,1
200,300,1
200,305,1
200,310,1
200,315,1
200,320,1
200,325,1
200,330,1
200,335,1
200,340,1
200,345,1
200,350,1
200,355,1
200,360,1
200,365,1
200,370,1
200,375,1
200,380,1
200,385,1
200,390,1
200,395,1
200,400,1
200,405,1
200,410,1
200,415,1
200,420,1
200,425,1
200,430,1
200,435,1
200,440,1
200,445,1
200,450,1
200,455,1
200,460,1
200,465,1
200,470,1
200,475,1
200,480,1
200,485,1
200,490,1
200,495,1
205,0,1
205,5,1
205,10,1
205,15,1
205,20,1
205,25,1
205,30,1
205,35,1
205,40,1
205,45,1
205,50,1
205,55,1
205,60,1
205,65,1
205,70,1
205,75,1
205,80,1
205,85,1
205,90,1
205,95,1
205,100,1
205,105,1
205,110,1
205,115,1
205,120,1
205,125,1
205,130,1
205,135,1
205,140,1
205,145,1
205,150,1
205,155,1
205,160,1
205,165,1
205,170,1
205,175,1
205,180,1
205,185,1
205,190,1
205,195,1
205,200,1
205,205,1
205,210,1
205,215,1
205,220,1
205,225,1
205,230,1
205,235,1
205,240,1
205,245,1
205,250,1
205,255,1
205,260,1
205,265,1
205,270,1
205,275,1
205,280,1
205,285,1
205,290,1
205,295,1
205,300,1
205,305,1
205,310,1
205,315,1
205,320,1
205,325,1
205,330,1
205,335,1
205,340,1
205,345,1
205,350,1
205,355,1
205,360,1
205,365,1
205,370,1
205,375,1
205,380,1
205,385,1
205,390,1
205,395,1
205,400,1
205,405,1
205,410,1
205,415,1
205,420,1
205,425,1
205,430,1
205,435,1
205,440,1
205,445,1
205,450,1
205,455,1
205,460,1
205,465,1
205,470,1
205,475,1
205,480,1
205,485,1
205,490,1
205,495,1
210,0,1
210,5,1
210,10,1
210,15,1
210,20,1
210,25,1
210,30,1
210,35,1
210,40,1
210,45,1
210,50,1
210,55,1
210,60,1
210,65,1
210,70,1
210,75,1
210,80,1
210,85,1
210,90,1
210,95,1
210,100,1
210,105,1
210,110,1
210,115,1
210,120,1
210,125,1
210,130,1
210,135,1
210,140,1
210,145,1
210,150,1
210,155,1
210,160,1
210,165,1
210,170,1
210,175,1
210,180,1
210,185,1
210,190,1
210,195,1
210,200,1
210,205,1
210,210,1
210,215,1
210,220,1
210,225,1
210,230,1
210,235,1
210,240,1
210,245,1
210,250,1
210,255,1
210,260,1
210,265,1
210,270,1
210,275,1
210,280,1
210,285,1
210,290,1
210,295,1
210,300,1
210,305,1
210,310,1
210,315,1
210,320,1
210,325,1
210,330,1
210,335,1
210,340,1
210,345,1
210,350,1
210,355,1
210,360,1
210,365,1
210,370,1
210,375,1
210,380,1
210,385,1
210,390,1
210,395,1
210,400,1
210,405,1
210,410,1
210,415,1
210,420,1
210,425,1
210,430,1
210,435,1
210,440,1
210,445,1
210,450,1
210,455,1
210,460,1
210,465,1
210,470,1
210,475,1
210,480,1
210,485,1
210,490,1
210,495,1
215,0,1
215,5,1
215,10,1
215,15,1
215,20,1
215,25,1
215,30,1
215,35,1
215,40,1
215,45,1
215,50,1
215,55,1
215,60,1
215,65,1
215,70,1
215,75,1
215,80,1
215,85,1
215,90,1
215,95,1
215,100,1
215,105,1
215,110,1
215,115,1
215,120,1
215,125,1
215,130,1
215,135,1
215,140,1
215,145,1
215,150,1
215,155,1
215,160,1
215,165,1
215,170,1
215,175,1
215,180,1
215,185,1
215,190,1
215,195,1
215,200,1
215,205,1
215,210,1
215,215,1
215,220,1
215,225,1
215,230,1
215,235,1
215,240,1
215,245,1
215,250,1
215,255,4
215,260,5
215,265,5
215,270,3
215,275,1
215,280,1
215,285,1
215,290,1
215,295,1
215,300,1
215,305,1
215,310,1
215,315,1
215,320,1
215,325,1
215,330,1
215,335,1
215,340,1
215,345,1
215,350,1
215,355,1
215,360,1
215,365,1
215,370,1
215,375,1
215,380,1
215,385,1
215,390,1
215,395,1
215,400,1
215,405,1
215,410,1
215,415,1
215,420,1
215,425,1
215,430,1
215,435,1
215,440,1
215,445,1
215,450,1
215,455,1
215,460,1
215,465,1
215,470,1
215,475,1
215,480,1
215,485,1
215,490,1
215,495,1
220,0,1
220,5,1
220,10,1
220,15,1
220,20,1
220,25,1
220,30,1
220,35,1
220,40,1
220,45,1
220,50,1
220,55,1
220,60,1
220,65,1
220,70,1
220,75,1
220,80,1
220,85,1
220,90,1
220,95,1
220,100,1
220,105,1
220,110,1
220,115,1
220,120,1
220,125,1
220,130,1
220,135,1
220,140,1
220,145,1
220,150,1
220,155,1
220,160,1
220,165,1
220,170,1
220,175,1
220,180,1
220,185,1
220,190,1
220,195,1
220,200,1
220,205,1
220,210,1
220,215,1
220,220,1
220,225,1
220,230,1
220,235,1
220,240,2
220,245,5
220,250,5
220,255,3
220,260,5
220,265,2
220,270,4
220,275,5
220,280,5
220,285,1
220,290,1
220,295,1
220,300,1
220,305,1
220,310,1
220,315,1
220,320,1
220,325,1
220,330,1
220,335,1
220,340,1
220,345,1
220,350,1
220,355,1
220,360,1
220,365,1
220,370,1
220,375,1
220,380,1
220,385,1
220,390,1
220,395,1
220,400,1
220,405,1
220,410,1
220,415,1
220,420,1
220,425,1
220,430,1
220,435,1
220,440,1
220,445,1
220,450,1
220,455,1
220,460,1
220,465,1
220,470,1
220,475,1
220,480,1
220,485,1
220,490,1
220,495,1
225,0,1
225,5,1
225,10,1
225,15,1
225,20,1
225,25,1
225,30,1
225,35,1
225,40,1
225,45,1
225,50,1
225,55,1
225,60,1
225,65,1
225,70,1
225,75,1
225,80,1
225,85,1
225,90,1
225,95,1
225,100,1
225,105,1
225,110,1
225,115,1
225,120,1
225,125,1
225,130,1
225,135,1
225,140,1
225,145,1
225,150,1
225,155,1
225,160,1
225,165,1
225,170,1
225,175,1
225,180,1
225,185,1
225,190,1
225,195,1
225,200,1
225,205,1
225,210,1
225,215,1
225,220,1
225,225,1
225,230,1
225,235,5
225,240,5
225,245,1
225,250,1
225,255,1
225,260,5
225,265,1
225,270,1
225,275,1
225,280,1
225,285,5
225,290,2
225,295,1
225,300,1
225,305,1
225,310,1
225,315,1
225,320,1
225,325,1
225,330,1
225,335,1
225,340,1
225,345,1
225,350,1
225,355,1
225,360,1
225,365,1
225,370,1
225,375,1
225,380,1
225,385,1
225,390,1
225,395,1
225,400,1
225,405,1
225,410,1
225,415,1
225,420,1
225,425,1
225,430,1
225,435,1
225,440,1
225,445,1
225,450,1
225,455,1
225,460,1
225,465,1
225,470,1
225,475,1
225,480,1
225,485,1
225,490,1
225,495,1
230,0,1
230,5,1
230,10,1
230,15,1
230,20,1
230,25,1
230,30,1
230,35,1
230,40,1
230,45,1
230,50,1
230,55,1
230,60,1
230,65,1
230,70,1
230,75,1
230,80,1
230,85,1
230,90,1
230,95,1
230,100,1
230,105,1
230,110,1
230,115,1
230,120,1
230,125,1
230,130,1
230,135,1
230,140,1
230,145,1
230,150,1
230,155,1
230,160,1
230,165,1
230,170,1
230,175,1
230,180,1
230,185,1
230,190,1
230,195,1
230,200,1
230,205,1
230,210,1
230,215,1
230,220,1
230,225,1
230,230,1
230,235,5
230,240,1
230,245,1
230,250,1
230,255,1
230,260,5
230,265,1
230,270,1
230,275,1
230,280,1
230,285,1
230,290,5
230,295,1
230,300,1
230,305,1
230,310,1
230,315,1
230,320,1
230,325,1
230,330,1
230,335,1
230,340,1
230,345,1
230,350,1
230,355,1
230,360,1
230,365,1
230,370,1
230,375,1
230,380,1
230,385,1
230,390,1
230,395,1
230,400,1
230,405,1
230,410,1
230,415,1
230,420,1
230,425,1
230,430,1
230,435,1
230,440,1
230,445,1
230,450,1
230,455,1
230,460,1
230,465,1
230,470,1
230,475,1
230,480,1
230,485,1
230,490,1
230,495,1
235,0,1
235,5,1
235,10,1
235,15,1
235,20,1
235,25,1
235,30,1
235,35,1
235,40,1
235,45,1
235,50,1
235,55,1
235,60,1
235,65,1
235,70,1
235,75,1
235,80,1
235,85,1
235,90,1
235,95,1
235,100,1
235,105,1
235,110,1
235,115,1
235,120,1
235,125,1
235,130,1
235,135,1
235,140,1
235,145,1
235,150,1
235,155,1
235,160,1
235,165,1
235,170,1
235,175,1
235,180,1
235,185,1
235,190,1
235,195,1
235,200,1
235,205,1
235,210,1
235,215,1
235,220,1
235,225,1
235,230,5
235,235,1
235,240,1
235,245,1
235,250,1
235,255,1
235,260,5
235,265,1
235,270,1
235,275,1
235,280,1
235,285,1
235,290,3
235,295,2
235,300,1
235,305,1
235,310,1
235,315,1
235,320,1
235,325,1
235,330,1
235,335,1
235,340,1
235,345,1
235,350,1
235,355,1
235,360,1
235,365,1
235,370,1
235,375,1
235,380,1
235,385,1
235,390,1
235,395,1
235,400,1
235,405,1
235,410,1
235,415,1
235,420,1
235,425,1
235,430,1
235,435,1
235,440,1
235,445,1
235,450,1
235,455,1
235,460,1
235,465,1
235,470,1
235,475,1
235,480,1
235,485,1
235,490,1
235,495,1
240,0,1
240,5,1
240,10,1
240,15,1
240,20,1
240,25,1
240,30,1
240,35,1
240,40,1
240,45,1
240,50,1
240,55,1
240,60,1
240,65,1
240,70,1
240,75,1
240,80,1
240,85,1
240,90,1
240,95,1
240,100,1
240,105,1
240,110,1
240,115,1
240,120,1
240,125,1
240,130,1
240,135,1
240,140,1
240,145,1
240,150,1
240,155,1
240,160,1
240,165,1
240,170,1
240,175,1
240,180,1
240,185,1
240,190,1
240,195,1
240,200,1
240,205,1
240,210,1
240,215,1
240,220,1
240,225,1
240,230,5
240,235,1
240,240,1
240,245,1
240,250,1
240,255,1
240,260,5
240,265,1
240,270,1
240,275,1
240,280,1
240,285,1
240,290,1
240,295,5
240,300,1
240,305,1
240,310,1
240,315,1
240,320,1
240,325,1
240,330,1
240,335,1
240,340,1
240,345,1
240,350,1
240,355,1
240,360,1
240,365,1
240,370,1
240,375,1
240,380,1
240,385,1
240,390,1
240,395,1
240,400,1
240,405,1
240,410,1
240,415,1
240,420,1
240,425,1
240,430,1
240,435,1
240,440,1
240,445,1
240,450,1
240,455,1
240,460,1
240,465,1
240,470,1
240,475,1
240,480,1
240,485,1
240,490,1
240,495,1
245,0,1
245,5,1
245,10,1
245,15,1
245,20,1
245,25,1
245,30,1
245,35,1
245,40,1
245,45,1
245,50,1
245,55,1
245,60,1
245,65,1
245,70,1
245,75,1
245,80,1
245,85,1
245,90,1
245,95,1
245,100,1
245,105,1
245,110,1
245,115,1
245,120,1
245,125,1
245,130,1
245,135,1
245,140,1
245,145,1
245,150,1
245,155,1
245,160,1
245,165,1
245,170,1
245,175,1
245,180,1
245,185,1
245,190,1
245,195,1
245,200,1
245,205,1
245,210,1
245,215,1
245,220,1
245,225,1
245,230,5
245,235,1
245,240,1
245,245,1
245,250,1
245,255,1
245,260,5
245,265,1
245,270,1
245,275,1
245,280,1
245,285,1
245,290,1
245,295,5
245,300,1
245,305,1
245,310,1
245,315,1
245,320,1
245,325,1
245,330,1
245,335,1
245,340,1
245,345,1
245,350,1
245,355,1
245,360,1
245,365,1
245,370,1
245,375,1
245,380,1
245,385,1
245,390,1
245,395,1
245,400,1
245,405,1
245,410,1
245,415,1
245,420,1
245,425,1
245,430,1
245,435,1
245,440,1
245,445,1
245,450,1
245,455,1
245,460,1
245,465,1
245,470,1
245,475,1
245,480,1
245,485,1
245,490,1
245,495,1
250,0,1
250,5,1
250,10,1
250,15,1
250,20,1
250,25,1
250,30,1
250,35,1
250,40,1
250,45,1
250,50,1
250,55,1
250,60,1
250,65,1
250,70,1
250,75,1
250,80,1
250,85,1
250,90,1
250,95,1
250,100,1
250,105,1
250,110,1
250,115,1
250,120,1
250,125,1
250,130,1
250,135,1
250,140,1
250,145,1
250,150,1
250,155,1
250,160,1
250,165,1
250,170,1
250,175,1
250,180,1
250,185,1
250,190,1
250,195,1
250,200,1
250,205,1
250,210,1
250,215,1
250,220,1
250,225,1
250,230,5
250,235,1
250,240,1
250,245,1
250,250,1
250,255,1
250,260,5
250,265,1
250,270,1
250,275,1
250,280,1
250,285,1
250,290,1
250,295,3
250,300,1
250,305,1
250,310,1
250,315,1
250,320,1
250,325,1
250,330,1
250,335,1
250,340,1
250,345,1
250,350,1
250,355,1
250,360,1
250,365,1
250,370,1
250,375,1
250,380,1
250,385,1
250,390,1
250,395,1
250,400,1
250,405,1
250,410,1
250,415,1
250,420,1
250,425,1
250,430,1
250,435,1
250,440,1
250,445,1
250,450,1
250,455,1
250,460,1
250,465,1
250,470,1
250,475,1
250,480,1
250,485,1
250,490,1
250,495,1
255,0,1
255,5,1
255,10,1
255,15,1
255,20,1
255,25,1
255,30,1
255,35,1
255,40,1
255,45,1
255,50,1
255,55,1
255,60,1
255,65,1
255,70,1
255,75,1
255,80,1
255,85,1
255,90,1
255,95,1
255,100,1
255,105,1
255,110,1
255,115,1
255,120,1
255,125,1
255,130,1
255,135,1
255,140,1
255,145,1
255,150,1
255,155,1
255,160,1
255,165,1
255,170,1
255,175,1
255,180,1
255,185,1
255,190,1
255,195,1
255,200,1
255,205,1
255,210,1
255,215,1
255,220,1
255,225,1
255,230,5
255,235,2
255,240,1
255,245,1
255,250,1
255,255,1
255,260,5
255,265,1
255,270,1
255,275,1
255,280,1
255,285,1
255,290,5
255,295,1
255,300,1
255,305,1
255,310,1
255,315,1
255,320,1
255,325,1
255,330,1
255,335,1
255,340,1
255,345,1
255,350,1
255,355,1
255,360,1
255,365,1
255,370,1
255,375,1
255,380,1
255,385,1
255,390,1
255,395,1
255,400,1
255,405,1
255,410,1
255,415,1
255,420,1
255,425,1
255,430,1
255,435,1
255,440,1
255,445,1
255,450,1
255,455,1
255,460,1
255,465,1
255,470,1
255,475,1
255,480,1
255,485,1
255,490,1
255,495,1
260,0,1
260,5,1
260,10,1
260,15,1
260,20,1
260,25,1
260,30,1
260,35,1
260,40,1
260,45,1
260,50,1
260,55,1
260,60,1
260,65,1
260,70,1
260,75,1
260,80,1
260,85,1
260,90,1
260,95,1
260,100,1
260,105,1
260,110,1
260,115,1
260,120,1
260,125,1
260,130,1
260,135,1
260,140,1
260,145,1
260,150,1
260,155,1
260,160,1
260,165,1
260,170,1
260,175,1
260,180,1
260,185,1
260,190,1
260,195,1
260,200,1
260,205,1
260,210,1
260,215,1
260,220,1
260,225,1
260,230,1
260,235,5
260,240,2
260,245,1
260,250,1
260,255,1
260,260,5
260,265,1
260,270,1
260,275,1
260,280,1
260,285,5
260,290,5
260,295,1
260,300,1
260,305,1
260,310,1
260,315,1
260,320,1
260,325,1
260,330,1
260,335,1
260,340,1
260,345,1
260,350,1
260,355,1
260,360,1
260,365,1
260,370,1
260,375,1
260,380,1
260,385,1
260,390,1
260,395,1
260,400,1
260,405,1
260,410,1
260,415,1
260,420,1
260,425,1
260,430,1
260,435,1
260,440,1
260,445,1
260,450,1
260,455,1
260,460,1
260,465,1
260,470,1
260,475,1
260,480,1
260,485,1
260,490,1
260,495,1
265,0,1
265,5,1
265,10,1
265,15,1
265,20,1
265,25,1
265,30,1
265,35,1
265,40,1
265,45,1
265,50,1
265,55,1
265,60,1
265,65,1
265,70,1
265,75,1
265,80,1
265,85,1
265,90,1
265,95,1
265,100,1
265,105,1
265,110,1
265,115,1
265,120,1
265,125,1
265,130,1
265,135,1
265,140,1
265,145,1
265,150,1
265,155,1
265,160,1
265,165,1
265,170,1
265,175,1
265,180,1
265,185,1
265,190,1
265,195,1
265,200,1
265,205,1
265,210,1
265,215,1
265,220,1
265,225,1
265,230,1
265,235,1
265,240,5
265,245,5
265,250,2
265,255,1
265,260,5
265,265,1
265,270,1
265,275,4
265,280,5
265,285,5
265,290,1
265,295,1
265,300,1
265,305,1
265,310,1
265,315,1
265,320,1
265,325,1
265,330,1
265,335,1
265,340,1
265,345,1
265,350,1
265,355,1
265,360,1
265,365,1
265,370,1
265,375,1
265,380,1
265,385,1
265,390,1
265,395,1
265,400,1
265,405,1
265,410,1
265,415,1
265,420,1
265,425,1
265,430,1
265,435,1
265,440,1
265,445,1
265,450,1
265,455,1
265,460,1
265,465,1
265,470,1
265,475,1
265,480,1
265,485,1
265,490,1
265,495,1
270,0,1
270,5,1
270,10,1
270,15,1
270,20,1
270,25,1
270,30,1
270,35,1
270,40,1
270,45,1
270,50,1
270,55,1
270,60,1
270,65,1
270,70,1
270,75,1
270,80,1
270,85,1
270,90,1
270,95,1
270,100,1
270,105,1
270,110,1
270,115,1
270,120,1
270,125,1
270,130,1
270,135,1
270,140,1
270,145,1
270,150,1
270,155,1
270,160,1
270,165,1
270,170,1
270,175,1
270,180,1
270,185,1
270,190,1
270,195,1
270,200,1
270,205,1
270,210,1
270,215,1
270,220,1
270,225,1
270,230,1
270,235,1
270,240,1
270,245,1
270,250,5
270,255,5
270,260,5
270,265,1
270,270,1
270,275,3
270,280,1
270,285,1
270,290,1
270,295,1
270,300,1
270,305,1
270,310,1
270,315,1
270,320,1
270,325,1
270,330,1
270,335,1
270,340,1
270,345,1
270,350,1
270,355,1
270,360,1
270,365,1
270,370,1
270,375,1
270,380,1
270,385,1
270,390,1
270,395,1
270,400,1
270,405,1
270,410,1
270,415,1
270,420,1
270,425,1
270,430,1
270,435,1
270,440,1
270,445,1
270,450,1
270,455,1
270,460,1
270,465,1
270,470,1
270,475,1
270,480,1
270,485,1
270,490,1
270,495,1
275,0,1
275,5,1
275,10,1
275,15,1
275,20,1
275,25,1
275,30,1
275,35,1
275,40,1
275,45,1
275,50,1
275,55,1
275,60,1
275,65,1
275,70,1
275,75,1
275,80,1
275,85,1
275,90,1
275,95,1
275,100,1
275,105,1
275,110,1
275,115,1
275,120,1
275,125,1
275,130,1
275,135,1
275,140,1
275,145,1
275,150,1
275,155,1
275,160,1
275,165,1
275,170,1
275,175,1
275,180,1
275,185,1
275,190,1
275,195,1
275,200,1
275,205,1
275,210,1
275,215,1
275,220,1
275,225,1
275,230,1
275,235,1
275,240,1
275,245,1
275,250,1
275,255,1
275,260,1
275,265,1
275,270,1
275,275,1
275,280,1
275,285,1
275,290,1
275,295,1
275,300,1
275,305,1
275,310,1
275,315,1
275,320,1
275,325,1
275,330,1
275,335,1
275,340,1
275,345,1
275,350,1
275,355,1
275,360,1
275,365,1
275,370,1
275,375,1
275,380,1
275,385,1
275,390,1
275,395,1
275,400,1
275,405,1
275,410,1
275,415,1
275,420,1
275,425,1
275,430,1
275,435,1
275,440,1
275,445,1
275,450,1
275,455,1
275,460,1
275,465,1
275,470,1
275,475,1
275,480,1
275,485,1
275,490,1
275,495,1
280,0,1
280,5,1
280,10,1
280,15,1
280,20,1
280,25,1
280,30,1
280,35,1
280,40,1
280,45,1
280,50,1
280,55,1
280,60,1
280,65,1
280,70,1
280,75,1
280,80,1
280,85,1
280,90,1
280,95,1
280,100,1
280,105,1
280,110,1
280,115,1
280,120,1
280,125,1
280,130,1
280,135,1
280,140,1
280,145,1
280,150,1
280,155,1
280,160,1
280,165,1
280,170,1
280,175,1
280,180,1
280,185,1
280,190,1
280,195,1
280,200,1
280,205,1
280,210,1
280,215,1
280,220,1
280,225,1
280,230,1
280,235,1
280,240,1
280,245,1
280,250,1
280,255,1
280,260,1
280,265,1
280,270,1
280,275,1
280,280,1
280,285,1
280,290,1
280,295,1
280,300,1
280,305,1
280,310,1
280,315,1
280,320,1
280,325,1
280,330,1
280,335,1
280,340,1
280,345,1
280,350,1
280,355,1
280,360,1
280,365,1
280,370,1
280,375,1
280,380,1
280,385,1
280,390,1
280,395,1
280,400,1
280,405,1
280,410,1
280,415,1
280,420,1
280,425,1
280,430,1
280,435,1
280,440,1
280,445,1
280,450,1
280,455,1
280,460,1
280,465,1
280,470,1
280,475,1
280,480,1
280,485,1
280,490,1
280,495,1
285,0,1
285,5,1
285,10,1
285,15,1
285,20,1
285,25,1
285,30,1
285,35,1
285,40,1
285,45,1
285,50,1
285,55,1
285,60,1
285,65,1
285,70,1
285,75,1
285,80,1
285,85,1
285,90,1
285,95,1
285,100,1
285,105,1
285,110,1
285,115,1
285,120,1
285,125,1
285,130,1
285,135,1
285,140,1
285,145,1
285,150,1
285,155,1
285,160,1
285,165,1
285,170,1
285,175,1
285,180,1
285,185,1
285,190,1
285,195,1
285,200,1
285,205,1
285,210,1
285,215,1
285,220,1
285,225,1
285,230,5
285,235,5
285,240,5
285,245,5
285,250,5
285,255,5
285,260,5
285,265,5
285,270,5
285,275,5
285,280,5
285,285,5
285,290,5
285,295,1
285,300,1
285,305,1
285,310,1
285,315,1
285,320,1
285,325,1
285,330,1
285,335,1
285,340,1
285,345,1
285,350,1
285,355,1
285,360,1
285,365,1
285,370,1
285,375,1
285,380,1
285,385,1
285,390,1
285,395,1
285,400,1
285,405,1
285,410,1
285,415,1
285,420,1
285,425,1
285,430,1
285,435,1
285,440,1
285,445,1
285,450,1
285,455,1
285,460,1
285,465,1
285,470,1
285,475,1
285,480,1
285,485,1
285,490,1
285,495,1
290,0,1
290,5,1
290,10,1
290,15,1
290,20,1
290,25,1
290,30,1
290,35,1
290,40,1
290,45,1
290,50,1
290,55,1
290,60,1
290,65,1
290,70,1
290,75,1
290,80,1
290,85,1
290,90,1
290,95,1
290,100,1
290,105,1
290,110,1
290,115,1
290,120,1
290,125,1
290,130,1
290,135,1
290,140,1
290,145,1
290,150,1
290,155,1
290,160,1
290,165,1
290,170,1
290,175,1
290,180,1
290,185,1
290,190,1
290,195,1
290,200,1
290,205,1
290,210,1
290,215,1
290,220,1
290,225,1
290,230,1
290,235,1
290,240,5
290,245,2
290,250,1
290,255,1
290,260,1
290,265,1
290,270,1
290,275,1
290,280,1
290,285,1
290,290,1
290,295,1
290,300,1
290,305,1
290,310,1
290,315,1
290,320,1
290,325,1
290,330,1
290,335,1
290,340,1
290,345,1
290,350,1
290,355,1
290,360,1
290,365,1
290,370,1
290,375,1
290,380,1
290,385,1
290,390,1
290,395,1
290,400,1
290,405,1
290,410,1
290,415,1
290,420,1
290,425,1
290,430,1
290,435,1
290,440,1
290,445,1
290,450,1
290,455,1
290,460,1
290,465,1
290,470,1
290,475,1
290,480,1
290,485,1
290,490,1
290,495,1
295,0,1
295,5,1
295,10,1
295,15,1
295,20,1
295,25,1
295,30,1
295,35,1
295,40,1
295,45,1
295,50,1
295,55,1
295,60,1
295,65,1
295,70,1
295,75,1
295,80,1
295,85,1
295,90,1
295,95,1
295,100,1
295,105,1
295,110,1
295,115,1
295,120,1
295,125,1
295,130,1
295,135,1
295,140,1
295,145,1
295,150,1
295,155,1
295,160,1
295,165,1
295,170,1
295,175,1
295,180,1
295,185,1
295,190,1
295,195,1
295,200,1
295,205,1
295,210,1
295,215,1
295,220,1
295,225,1
295,230,1
295,235,5
295,240,1
295,245,1
295,250,1
295,255,1
295,260,1
295,265,1
295,270,1
295,275,1
295,280,1
295,285,1
295,290,1
295,295,1
295,300,1
295,305,1
295,310,1
295,315,1
295,320,1
295,325,1
295,330,1
295,335,1
295,340,1
295,345,1
295,350,1
295,355,1
295,360,1
295,365,1
295,370,1
295,375,1
295,380,1
295,385,1
295,390,1
295,395,1
295,400,1
295,405,1
295,410,1
295,415,1
295,420,1
295,425,1
295,430,1
295,435,1
295,440,1
295,445,1
295,450,1
295,455,1
295,460,1
295,465,1
295,470,1
295,475,1
295,480,1
295,485,1
295,490,1
295,495,1
300,0,1
300,5,1
300,10,1
300,15,1
300,20,1
300,25,1
300,30,1
300,35,1
300,40,1
300,45,1
300,50,1
300,55,1
300,60,1
300,65,1
300,70,1
300,75,1
300,80,1
300,85,1
300,90,1
300,95,1
300,100,1
300,105,1
300,110,1
300,115,1
300,120,1
300,125,1
300,130,1
300,135,1
300,140,1
300,145,1
300,150,1
300,155,1
300,160,1
300,165,1
300,170,1
300,175,1
300,180,1
300,185,1
300,190,1
300,195,1
300,200,1
300,205,1
300,210,1
300,215,1
300,220,1
300,225,1
300,230,2
300,235,4
300,240,1
300,245,1
300,250,1
300,255,1
300,260,1
300,265,1
300,270,1
300,275,1
300,280,1
300,285,1
300,290,1
300,295,1
300,300,1
300,305,1
300,310,1
300,315,1
300,320,1
300,325,1
300,330,1
300,335,1
300,340,1
300,345,1
300,350,1
300,355,1
300,360,1
300,365,1
300,370,1
300,375,1
300,380,1
300,385,1
300,390,1
300,395,1
300,400,1
300,405,1
300,410,1
300,415,1
300,420,1
300,425,1
300,430,1
300,435,1
300,440,1
300,445,1
300,450,1
300,455,1
300,460,1
300,465,1
300,470,1
300,475,1
300,480,1
300,485,1
300,490,1
300,495,1
305,0,1
305,5,1
305,10,1
305,15,1
305,20,1
305,25,1
305,30,1
305,35,1
305,40,1
305,45,1
305,50,1
305,55,1
305,60,1
305,65,1
305,70,1
305,75,1
305,80,1
305,85,1
305,90,1
305,95,1
305,100,1
305,105,1
305,110,1
305,115,1
305,120,1
305,125,1
305,130,1
305,135,1
305,140,1
305,145,1
305,150,1
305,155,1
305,160,1
305,165,1
305,170,1
305,175,1
305,180,1
305,185,1
305,190,1
305,195,1
305,200,1
305,205,1
305,210,1
305,215,1
305,220,1
305,225,1
305,230,5
305,235,1
305,240,1
305,245,1
305,250,1
305,255,1
305,260,1
305,265,1
305,270,1
305,275,1
305,280,1
305,285,1
305,290,1
305,295,1
305,300,1
305,305,1
305,310,1
305,315,1
305,320,1
305,325,1
305,330,1
305,335,1
305,340,1
305,345,1
305,350,1
305,355,1
305,360,1
305,365,1
305,370,1
305,375,1
305,380,1
305,385,1
305,390,1
305,395,1
305,400,1
305,405,1
305,410,1
305,415,1
305,420,1
305,425,1
305,430,1
305,435,1
305,440,1
305,445,1
305,450,1
305,455,1
305,460,1
305,465,1
305,470,1
305,475,1
305,480,1
305,485,1
305,490,1
305,495,1
310,0,1
310,5,1
310,10,1
310,15,1
310,20,1
310,25,1
310,30,1
310,35,1
310,40,1
310,45,1
310,50,1
310,55,1
310,60,1
310,65,1
310,70,1
310,75,1
310,80,1
310,85,1
310,90,1
310,95,1
310,100,1
310,105,1
310,110,1
310,115,1
310,120,1
310,125,1
310,130,1
310,135,1
310,140,1
310,145,1
310,150,1
310,155,1
310,160,1
310,165,1
310,170,1
310,175,1
310,180,1
310,185,1
310,190,1
310,195,1
310,200,1
310,205,1
310,210,1
310,215,1
310,220,1
310,225,1
310,230,5
310,235,1
310,240,1
310,245,1
310,250,1
310,255,1
310,260,1
310,265,1
310,270,1
310,275,1
310,280,1
310,285,1
310,290,1
310,295,1
310,300,1
310,305,1
310,310,1
310,315,1
310,320,1
310,325,1
310,330,1
310,335,1
310,340,1
310,345,1
310,350,1
310,355,1
310,360,1
310,365,1
310,370,1
310,375,1
310,380,1
310,385,1
310,390,1
310,395,1
310,400,1
310,405,1
310,410,1
310,415,1
310,420,1
310,425,1
310,430,1
310,435,1
310,440,1
310,445,1
310,450,1
310,455,1
310,460,1
310,465,1
310,470,1
310,475,1
310,480,1
310,485,1
310,490,1
310,495,1
315,0,1
315,5,1
315,10,1
315,15,1
315,20,1
315,25,1
315,30,1
315,35,1
315,40,1
315,45,1
315,50,1
315,55,1
315,60,1
315,65,1
315,70,1
315,75,1
315,80,1
315,85,1
315,90,1
315,95,1
315,100,1
315,105,1
315,110,1
315,115,1
315,120,1
315,125,1
315,130,1
315,135,1
315,140,1
315,145,1
315,150,1
315,155,1
315,160,1
315,165,1
315,170,1
315,175,1
315,180,1
315,185,1
315,190,1
315,195,1
315,200,1
315,205,1
315,210,1
315,215,1
315,220,1
315,225,1
315,230,1
315,235,1
315,240,1
315,245,1
315,250,5
315,255,5
315,260,5
315,265,5
315,270,5
315,275,5
315,280,1
315,285,1
315,290,1
315,295,1
315,300,1
315,305,1
315,310,1
315,315,1
315,320,1
315,325,1
315,330,1
315,335,1
315,340,1
315,345,1
315,350,1
315,355,1
315,360,1
315,365,1
315,370,1
315,375,1
315,380,1
315,385,1
315,390,1
315,395,1
315,400,1
315,405,1
315,410,1
315,415,1
315,420,1
315,425,1
315,430,1
315,435,1
315,440,1
315,445,1
315,450,1
315,455,1
315,460,1
315,465,1
315,470,1
315,475,1
315,480,1
315,485,1
315,490,1
315,495,1
320,0,1
320,5,1
320,10,1
320,15,1
320,20,1
320,25,1
320,30,1
320,35,1
320,40,1
320,45,1
320,50,1
320,55,1
320,60,1
320,65,1
320,70,1
320,75,1
320,80,1
320,85,1
320,90,1
320,95,1
320,100,1
320,105,1
320,110,1
320,115,1
320,120,1
320,125,1
320,130,1
320,135,1
320,140,1
320,145,1
320,150,1
320,155,1
320,160,1
320,165,1
320,170,1
320,175,1
320,180,1
320,185,1
320,190,1
320,195,1
320,200,1
320,205,1
320,210,1
320,215,1
320,220,1
320,225,1
320,230,1
320,235,1
320,240,5
320,245,5
320,250,1
320,255,1
320,260,5
320,265,1
320,270,1
320,275,2
320,280,5
320,285,5
320,290,1
320,295,1
320,300,1
320,305,1
320,310,1
320,315,1
320,320,1
320,325,1
320,330,1
320,335,1
320,340,1
320,345,1
320,350,1
320,355,1
320,360,1
320,365,1
320,370,1
320,375,1
320,380,1
320,385,1
320,390,1
320,395,1
320,400,1
320,405,1
320,410,1
320,415,1
320,420,1
320,425,1
320,430,1
320,435,1
320,440,1
320,445,1
320,450,1
320,455,1
320,460,1
320,465,1
320,470,1
320,475,1
320,480,1
320,485,1
320,490,1
320,495,1
325,0,1
325,5,1
325,10,1
325,15,1
325,20,1
325,25,1
325,30,1
325,35,1
325,40,1
325,45,1
325,50,1
325,55,1
325,60,1
325,65,1
325,70,1
325,75,1
325,80,1
325,85,1
325,90,1
325,95,1
325,100,1
325,105,1
325,110,1
325,115,1
325,120,1
325,125,1
325,130,1
325,135,1
325,140,1
325,145,1
325,150,1
325,155,1
325,160,1
325,165,1
325,170,1
325,175,1
325,180,1
325,185,1
325,190,1
325,195,1
325,200,1
325,205,1
325,210,1
325,215,1
325,220,1
325,225,1
325,230,1
325,235,5
325,240,1
325,245,1
325,250,1
325,255,1
325,260,5
325,265,1
325,270,1
325,275,1
325,280,1
325,285,4
325,290,5
325,295,1
325,300,1
325,305,1
325,310,1
325,315,1
325,320,1
325,325,1
325,330,1
325,335,1
325,340,1
325,345,1
325,350,1
325,355,1
325,360,1
325,365,1
325,370,1
325,375,1
325,380,1
325,385,1
325,390,1
325,395,1
325,400,1
325,405,1
325,410,1
325,415,1
325,420,1
325,425,1
325,430,1
325,435,1
325,440,1
325,445,1
325,450,1
325,455,1
325,460,1
325,465,1
325,470,1
325,475,1
325,480,1
325,485,1
325,490,1
325,495,1
330,0,1
330,5,1
330,10,1
330,15,1
330,20,1
330,25,1
330,30,1
330,35,1
330,40,1
330,45,1
330,50,1
330,55,1
330,60,1
330,65,1
330,70,1
330,75,1
330,80,1
330,85,1
330,90,1
330,95,1
330,100,1
330,105,1
330,110,1
330,115,1
330,120,1
330,125,1
330,130,1
330,135,1
330,140,1
330,145,1
330,150,1
330,155,1
330,160,1
330,165,1
330,170,1
330,175,1
330,180,1
330,185,1
330,190,1
330,195,1
330,200,1
330,205,1
330,210,1
330,215,1
330,220,1
330,225,1
330,230,5
330,235,2
330,240,1
330,245,1
330,250,1
330,255,1
330,260,5
330,265,1
330,270,1
330,275,1
330,280,1
330,285,1
330,290,5
330,295,1
330,300,1
330,305,1
330,310,1
330,315,1
330,320,1
330,325,1
330,330,1
330,335,1
330,340,1
330,345,1
330,350,1
330,355,1
330,360,1
330,365,1
330,370,1
330,375,1
330,380,1
330,385,1
330,390,1
330,395,1
330,400,1
330,405,1
330,410,1
330,415,1
330,420,1
330,425,1
330,430,1
330,435,1
330,440,1
330,445,1
330,450,1
330,455,1
330,460,1
330,465,1
330,470,1
330,475,1
330,480,1
330,485,1
330,490,1
330,495,1
335,0,1
335,5,1
335,10,1
335,15,1
335,20,1
335,25,1
335,30,1
335,35,1
335,40,1
335,45,1
335,50,1
335,55,1
335,60,1
335,65,1
335,70,1
335,75,1
335,80,1
335,85,1
335,90,1
335,95,1
335,100,1
335,105,1
335,110,1
335,115,1
335,120,1
335,125,1
335,130,1
335,135,1
335,140,1
335,145,1
335,150,1
335,155,1
335,160,1
335,165,1
335,170,1
335,175,1
335,180,1
335,185,1
335,190,1
335,195,1
335,200,1
335,205,1
335,210,1
335,215,1
335,220,1
335,225,1
335,230,5
335,235,1
335,240,1
335,245,1
335,250,1
335,255,1
335,260,5
335,265,1
335,270,1
335,275,1
335,280,1
335,285,1
335,290,1
335,295,4
335,300,1
335,305,1
335,310,1
335,315,1
335,320,1
335,325,1
335,330,1
335,335,1
335,340,1
335,345,1
335,350,1
335,355,1
335,360,1
335,365,1
335,370,1
335,375,1
335,380,1
335,385,1
335,390,1
335,395,1
335,400,1
335,405,1
335,410,1
335,415,1
335,420,1
335,425,1
335,430,1
335,435,1
335,440,1
335,445,1
335,450,1
335,455,1
335,460,1
335,465,1
335,470,1
335,475,1
335,480,1
335,485,1
335,490,1
335,495,1
340,0,1
340,5,1
340,10,1
340,15,1
340,20,1
340,25,1
340,30,1
340,35,1
340,40,1
340,45,1
340,50,1
340,55,1
340,60,1
340,65,1
340,70,1
340,75,1
340,80,1
340,85,1
340,90,1
340,95,1
340,100,1
340,105,1
340,110,1
340,115,1
340,120,1
340,125,1
340,130,1
340,135,1
340,140,1
340,145,1
340,150,1
340,155,1
340,160,1
340,165,1
340,170,1
340,175,1
340,180,1
340,185,1
340,190,1
340,195,1
340,200,1
340,205,1
340,210,1
340,215,1
340,220,1
340,225,1
340,230,5
340,235,1
340,240,1
340,245,1
340,250,1
340,255,1
340,260,5
340,265,1
340,270,1
340,275,1
340,280,1
340,285,1
340,290,1
340,295,5
340,300,1
340,305,1
340,310,1
340,315,1
340,320,1
340,325,1
340,330,1
340,335,1
340,340,1
340,345,1
340,350,1
340,355,1
340,360,1
340,365,1
340,370,1
340,375,1
340,380,1
340,385,1
340,390,1
340,395,1
340,400,1
340,405,1
340,410,1
340,415,1
340,420,1
340,425,1
340,430,1
340,435,1
340,440,1
340,445,1
340,450,1
340,455,1
340,460,1
340,465,1
340,470,1
340,475,1
340,480,1
340,485,1
340,490,1
340,495,1
345,0,1
345,5,1
345,10,1
345,15,1
345,20,1
345,25,1
345,30,1
345,35,1
345,40,1
345,45,1
345,50,1
345,55,1
345,60,1
345,65,1
345,70,1
345,75,1
345,80,1
345,85,1
345,90,1
345,95,1
345,100,1
345,105,1
345,110,1
345,115,1
345,120,1
345,125,1
345,130,1
345,135,1
345,140,1
345,145,1
345,150,1
345,155,1
345,160,1
345,165,1
345,170,1
345,175,1
345,180,1
345,185,1
345,190,1
345,195,1
345,200,1
345,205,1
345,210,1
345,215,1
345,220,1
345,225,1
345,230,5
345,235,1
345,240,1
345,245,1
345,250,1
345,255,1
345,260,5
345,265,1
345,270,1
345,275,1
345,280,1
345,285,1
345,290,1
345,295,5
345,300,1
345,305,1
345,310,1
345,315,1
345,320,1
345,325,1
345,330,1
345,335,1
345,340,1
345,345,1
345,350,1
345,355,1
345,360,1
345,365,1
345,370,1
345,375,1
345,380,1
345,385,1
345,390,1
345,395,1
345,400,1
345,405,1
345,410,1
345,415,1
345,420,1
345,425,1
345,430,1
345,435,1
345,440,1
345,445,1
345,450,1
345,455,1
345,460,1
345,465,1
345,470,1
345,475,1
345,480,1
345,485,1
345,490,1
345,495,1
350,0,1
350,5,1
350,10,1
350,15,1
350,20,1
350,25,1
350,30,1
350,35,1
350,40,1
350,45,1
350,50,1
350,55,1
350,60,1
350,65,1
350,70,1
350,75,1
350,80,1
350,85,1
350,90,1
350,95,1
350,100,1
350,105,1
350,110,1
350,115,1
350,120,1
350,125,1
350,130,1
350,135,1
350,140,1
350,145,1
350,150,1
350,155,1
350,160,1
350,165,1
350,170,1
350,175,1
350,180,1
350,185,1
350,190,1
350,195,1
350,200,1
350,205,1
350,210,1
350,215,1
350,220,1
350,225,1
350,230,5
350,235,1
350,240,1
350,245,1
350,250,1
350,255,1
350,260,5
350,265,1
350,270,1
350,275,1
350,280,1
350,285,1
350,290,4
350,295,1
350,300,1
350,305,1
350,310,1
350,315,1
350,320,1
350,325,1
350,330,1
350,335,1
350,340,1
350,345,1
350,350,1
350,355,1
350,360,1
350,365,1
350,370,1
350,375,1
350,380,1
350,385,1
350,390,1
350,395,1
350,400,1
350,405,1
350,410,1
350,415,1
350,420,1
350,425,1
350,430,1
350,435,1
350,440,1
350,445,1
350,450,1
350,455,1
350,460,1
350,465,1
350,470,1
350,475,1
350,480,1
350,485,1
350,490,1
350,495,1
355,0,1
355,5,1
355,10,1
355,15,1
355,20,1
355,25,1
355,30,1
355,35,1
355,40,1
355,45,1
355,50,1
355,55,1
355,60,1
355,65,1
355,70,1
355,75,1
355,80,1
355,85,1
355,90,1
355,95,1
355,100,1
355,105,1
355,110,1
355,115,1
355,120,1
355,125,1
355,130,1
355,135,1
355,140,1
355,145,1
355,150,1
355,155,1
355,160,1
355,165,1
355,170,1
355,175,1
355,180,1
355,185,1
355,190,1
355,195,1
355,200,1
355,205,1
355,210,1
355,215,1
355,220,1
355,225,1
355,230,2
355,235,5
355,240,1
355,245,1
355,250,1
355,255,1
355,260,5
355,265,1
355,270,1
355,275,1
355,280,1
355,285,1
355,290,5
355,295,1
355,300,1
355,305,1
355,310,1
355,315,1
355,320,1
355,325,1
355,330,1
355,335,1
355,340,1
355,345,1
355,350,1
355,355,1
355,360,1
355,365,1
355,370,1
355,375,1
355,380,1
355,385,1
355,390,1
355,395,1
355,400,1
355,405,1
355,410,1
355,415,1
355,420,1
355,425,1
355,430,1
355,435,1
355,440,1
355,445,1
355,450,1
355,455,1
355,460,1
355,465,1
355,470,1
355,475,1
355,480,1
355,485,1
355,490,1
355,495,1
360,0,1
360,5,1
360,10,1
360,15,1
360,20,1
360,25,1
360,30,1
360,35,1
360,40,1
360,45,1
360,50,1
360,55,1
360,60,1
360,65,1
360,70,1
360,75,1
360,80,1
360,85,1
360,90,1
360,95,1
360,100,1
360,105,1
360,110,1
360,115,1
360,120,1
360,125,1
360,130,1
360,135,1
360,140,1
360,145,1
360,150,1
360,155,1
360,160,1
360,165,1
360,170,1
360,175,1
360,180,1
360,185,1
360,190,1
360,195,1
360,200,1
360,205,1
360,210,1
360,215,1
360,220,1
360,225,1
360,230,1
360,235,5
360,240,5
360,245,1
360,250,1
360,255,1
360,260,5
360,265,1
360,270,1
360,275,1
360,280,1
360,285,5
360,290,1
360,295,1
360,300,1
360,305,1
360,310,1
360,315,1
360,320,1
360,325,1
360,330,1
360,335,1
360,340,1
360,345,1
360,350,1
360,355,1
360,360,1
360,365,1
360,370,1
360,375,1
360,380,1
360,385,1
360,390,1
360,395,1
360,400,1
360,405,1
360,410,1
360,415,1
360,420,1
360,425,1
360,430,1
360,435,1
360,440,1
360,445,1
360,450,1
360,455,1
360,460,1
360,465,1
360,470,1
360,475,1
360,480,1
360,485,1
360,490,1
360,495,1
365,0,1
365,5,1
365,10,1
365,15,1
365,20,1
365,25,1
365,30,1
365,35,1
365,40,1
365,45,1
365,50,1
365,55,1
365,60,1
365,65,1
365,70,1
365,75,1
365,80,1
365,85,1
365,90,1
365,95,1
365,100,1
365,105,1
365,110,1
365,115,1
365,120,1
365,125,1
365,130,1
365,135,1
365,140,1
365,145,1
365,150,1
365,155,1
365,160,1
365,165,1
365,170,1
365,175,1
365,180,1
365,185,1
365,190,1
365,195,1
365,200,1
365,205,1
365,210,1
365,215,1
365,220,1
365,225,1
365,230,1
365,235,1
365,240,2
365,245,5
365,250,5
365,255,5
365,260,5
365,265,1
365,270,1
365,275,5
365,280,5
365,285,1
365,290,1
365,295,1
365,300,1
365,305,1
365,310,1
365,315,1
365,320,1
365,325,1
365,330,1
365,335,1
365,340,1
365,345,1
365,350,1
365,355,1
365,360,1
365,365,1
365,370,1
365,375,1
365,380,1
365,385,1
365,390,1
365,395,1
365,400,1
365,405,1
365,410,1
365,415,1
365,420,1
365,425,1
365,430,1
365,435,1
365,440,1
365,445,1
365,450,1
365,455,1
365,460,1
365,465,1
365,470,1
365,475,1
365,480,1
365,485,1
365,490,1
365,495,1
370,0,1
370,5,1
370,10,1
370,15,1
370,20,1
370,25,1
370,30,1
370,35,1
370,40,1
370,45,1
370,50,1
370,55,1
370,60,1
370,65,1
370,70,1
370,75,1
370,80,1
370,85,1
370,90,1
370,95,1
370,100,1
370,105,1
370,110,1
370,115,1
370,120,1
370,125,1
370,130,1
370,135,1
370,140,1
370,145,1
370,150,1
370,155,1
370,160,1
370,165,1
370,170,1
370,175,1
370,180,1
370,185,1
370,190,1
370,195,1
370,200,1
370,205,1
370,210,1
370,215,1
370,220,1
370,225,1
370,230,1
370,235,1
370,240,1
370,245,1
370,250,1
370,255,1
370,260,1
370,265,1
370,270,1
370,275,1
370,280,1
370,285,1
370,290,1
370,295,1
370,300,1
370,305,1
370,310,1
370,315,1
370,320,1
370,325,1
370,330,1
370,335,1
370,340,1
370,345,1
370,350,1
370,355,1
370,360,1
370,365,1
370,370,1
370,375,1
370,380,1
370,385,1
370,390,1
370,395,1
370,400,1
370,405,1
370,410,1
370,415,1
370,420,1
370,425,1
370,430,1
370,435,1
370,440,1
370,445,1
370,450,1
370,455,1
370,460,1
370,465,1
370,470,1
370,475,1
370,480,1
370,485,1
370,490,1
370,495,1
375,0,1
375,5,1
375,10,1
375,15,1
375,20,1
375,25,1
375,30,1
375,35,1
375,40,1
375,45,1
375,50,1
375,55,1
375,60,1
375,65,1
375,70,1
375,75,1
375,80,1
375,85,1
375,90,1
375,95,1
375,100,1
375,105,1
375,110,1
375,115,1
375,120,1
375,125,1
375,130,1
375,135,1
375,140,1
375,145,1
375,150,1
375,155,1
375,160,1
375,165,1
375,170,1
375,175,1
375,180,1
375,185,1
375,190,1
375,195,1
375,200,1
375,205,1
375,210,1
375,215,1
375,220,1
375,225,1
375,230,1
375,235,1
375,240,1
375,245,1
375,250,1
375,255,1
375,260,1
375,265,1
375,270,1
375,275,1
375,280,1
375,285,1
375,290,1
375,295,1
375,300,1
375,305,1
375,310,1
375,315,1
375,320,1
375,325,1
375,330,1
375,335,1
375,340,1
375,345,1
375,350,1
375,355,1
375,360,1
375,365,1
375,370,1
375,375,1
375,380,1
375,385,1
375,390,1
375,395,1
375,400,1
375,405,1
375,410,1
375,415,1
375,420,1
375,425,1
375,430,1
375,435,1
375,440,1
375,445,1
375,450,1
375,455,1
375,460,1
375,465,1
375,470,1
375,475,1
375,480,1
375,485,1
375,490,1
375,495,1
380,0,1
380,5,1
380,10,1
380,15,1
380,20,1
380,25,1
380,30,1
380,35,1
380,40,1
380,45,1
380,50,1
380,55,1
380,60,1
380,65,1
380,70,1
380,75,1
380,80,1
380,85,1
380,90,1
380,95,1
380,100,1
380,105,1
380,110,1
380,115,1
380,120,1
380,125,1
380,130,1
380,135,1
380,140,1
380,145,1
380,150,1
380,155,1
380,160,1
380,165,1
380,170,1
380,175,1
380,180,1
380,185,1
380,190,1
380,195,1
380,200,1
380,205,1
380,210,1
380,215,1
380,220,1
380,225,1
380,230,1
380,235,1
380,240,1
380,245,1
380,250,1
380,255,1
380,260,1
380,265,1
380,270,5
380,275,5
380,280,5
380,285,5
380,290,1
380,295,1
380,300,1
380,305,1
380,310,1
380,315,1
380,320,1
380,325,1
380,330,1
380,335,1
380,340,1
380,345,1
380,350,1
380,355,1
380,360,1
380,365,1
380,370,1
380,375,1
380,380,1
380,385,1
380,390,1
380,395,1
380,400,1
380,405,1
380,410,1
380,415,1
380,420,1
380,425,1
380,430,1
380,435,1
380,440,1
380,445,1
380,450,1
380,455,1
380,460,1
380,465,1
380,470,1
380,475,1
380,480,1
380,485,1
380,490,1
380,495,1
385,0,1
385,5,1
385,10,1
385,15,1
385,20,1
385,25,1
385,30,1
385,35,1
385,40,1
385,45,1
385,50,1
385,55,1
385,60,1
385,65,1
385,70,1
385,75,1
385,80,1
385,85,1
385,90,1
385,95,1
385,100,1
385,105,1
385,110,1
385,115,1
385,120,1
385,125,1
385,130,1
385,135,1
385,140,1
385,145,1
385,150,1
385,155,1
385,160,1
385,165,1
385,170,1
385,175,1
385,180,1
385,185,1
385,190,1
385,195,1
385,200,1
385,205,1
385,210,1
385,215,1
385,220,1
385,225,1
385,230,1
385,235,2
385,240,5
385,245,5
385,250,1
385,255,1
385,260,1
385,265,5
385,270,1
385,275,1
385,280,1
385,285,1
385,290,5
385,295,1
385,300,1
385,305,1
385,310,1
385,315,1
385,320,1
385,325,1
385,330,1
385,335,1
385,340,1
385,345,1
385,350,1
385,355,1
385,360,1
385,365,1
385,370,1
385,375,1
385,380,1
385,385,1
385,390,1
385,395,1
385,400,1
385,405,1
385,410,1
385,415,1
385,420,1
385,425,1
385,430,1
385,435,1
385,440,1
385,445,1
385,450,1
385,455,1
385,460,1
385,465,1
385,470,1
385,475,1
385,480,1
385,485,1
385,490,1
385,495,1
390,0,1
390,5,1
390,10,1
390,15,1
390,20,1
390,25,1
390,30,1
390,35,1
390,40,1
390,45,1
390,50,1
390,55,1
390,60,1
390,65,1
390,70,1
390,75,1
390,80,1
390,85,1
390,90,1
390,95,1
390,100,1
390,105,1
390,110,1
390,115,1
390,120,1
390,125,1
390,130,1
390,135,1
390,140,1
390,145,1
390,150,1
390,155,1
390,160,1
390,165,1
390,170,1
390,175,1
390,180,1
390,185,1
390,190,1
390,195,1
390,200,1
390,205,1
390,210,1
390,215,1
390,220,1
390,225,1
390,230,1
390,235,5
390,240,1
390,245,1
390,250,1
390,255,1
390,260,4
390,265,2
390,270,1
390,275,1
390,280,1
390,285,1
390,290,4
390,295,2
390,300,1
390,305,1
390,310,1
390,315,1
390,320,1
390,325,1
390,330,1
390,335,1
390,340,1
390,345,1
390,350,1
390,355,1
390,360,1
390,365,1
390,370,1
390,375,1
390,380,1
390,385,1
390,390,1
390,395,1
390,400,1
390,405,1
390,410,1
390,415,1
390,420,1
390,425,1
390,430,1
390,435,1
390,440,1
390,445,1
390,450,1
390,455,1
390,460,1
390,465,1
390,470,1
390,475,1
390,480,1
390,485,1
390,490,1
390,495,1
395,0,1
395,5,1
395,10,1
395,15,1
395,20,1
395,25,1
395,30,1
395,35,1
395,40,1
395,45,1
395,50,1
395,55,1
395,60,1
395,65,1
395,70,1
395,75,1
395,80,1
395,85,1
395,90,1
395,95,1
395,100,1
395,105,1
395,110,1
395,115,1
395,120,1
395,125,1
395,130,1
395,135,1
395,140,1
395,145,1
395,150,1
395,155,1
395,160,1
395,165,1
395,170,1
395,175,1
395,180,1
395,185,1
395,190,1
395,195,1
395,200,1
395,205,1
395,210,1
395,215,1
395,220,1
395,225,1
395,230,5
395,235,1
395,240,1
395,245,1
395,250,1
395,255,1
395,260,5
395,265,1
395,270,1
395,275,1
395,280,1
395,285,1
395,290,1
395,295,5
395,300,1
395,305,1
395,310,1
395,315,1
395,320,1
395,325,1
395,330,1
395,335,1
395,340,1
395,345,1
395,350,1
395,355,1
395,360,1
395,365,1
395,370,1
395,375,1
395,380,1
395,385,1
395,390,1
395,395,1
395,400,1
395,405,1
395,410,1
395,415,1
395,420,1
395,425,1
395,430,1
395,435,1
395,440,1
395,445,1
395,450,1
395,455,1
395,460,1
395,465,1
395,470,1
395,475,1
395,480,1
395,485,1
395,490,1
395,495,1
400,0,1
400,5,1
400,10,1
400,15,1
400,20,1
400,25,1
400,30,1
400,35,1
400,40,1
400,45,1
400,50,1
400,55,1
400,60,1
400,65,1
400,70,1
400,75,1
400,80,1
400,85,1
400,90,1
400,95,1
400,100,1
400,105,1
400,110,1
400,115,1
400,120,1
400,125,1
400,130,1
400,135,1
400,140,1
400,145,1
400,150,1
400,155,1
400,160,1
400,165,1
400,170,1
400,175,1
400,180,1
400,185,1
400,190,1
400,195,1
400,200,1
400,205,1
400,210,1
400,215,1
400,220,1
400,225,1
400,230,5
400,235,1
400,240,1
400,245,1
400,250,1
400,255,1
400,260,5
400,265,1
400,270,1
400,275,1
400,280,1
400,285,1
400,290,1
400,295,5
400,300,1
400,305,1
400,310,1
400,315,1
400,320,1
400,325,1
400,330,1
400,335,1
400,340,1
400,345,1
400,350,1
400,355,1
400,360,1
400,365,1
400,370,1
400,375,1
400,380,1
400,385,1
400,390,1
400,395,1
400,400,1
400,405,1
400,410,1
400,415,1
400,420,1
400,425,1
400,430,1
400,435,1
400,440,1
400,445,1
400,450,1
400,455,1
400,460,1
400,465,1
400,470,1
400,475,1
400,480,1
400,485,1
400,490,1
400,495,1
405,0,1
405,5,1
405,10,1
405,15,1
405,20,1
405,25,1
405,30,1
405,35,1
405,40,1
405,45,1
405,50,1
405,55,1
405,60,1
405,65,1
405,70,1
405,75,1
405,80,1
405,85,1
405,90,1
405,95,1
405,100,1
405,105,1
405,110,1
405,115,1
405,120,1
405,125,1
405,130,1
405,135,1
405,140,1
405,145,1
405,150,1
405,155,1
405,160,1
405,165,1
405,170,1
405,175,1
405,180,1
405,185,1
405,190,1
405,195,1
405,200,1
405,205,1
405,210,1
405,215,1
405,220,1
405,225,1
405,230,5
405,235,1
405,240,1
405,245,1
405,250,1
405,255,1
405,260,5
405,265,1
405,270,1
405,275,1
405,280,1
405,285,1
405,290,1
405,295,3
405,300,1
405,305,1
405,310,1
405,315,1
405,320,1
405,325,1
405,330,1
405,335,1
405,340,1
405,345,1
405,350,1
405,355,1
405,360,1
405,365,1
405,370,1
405,375,1
405,380,1
405,385,1
405,390,1
405,395,1
405,400,1
405,405,1
405,410,1
405,415,1
405,420,1
405,425,1
405,430,1
405,435,1
405,440,1
405,445,1
405,450,1
405,455,1
405,460,1
405,465,1
405,470,1
405,475,1
405,480,1
405,485,1
405,490,1
405,495,1
410,0,1
410,5,1
410,10,1
410,15,1
410,20,1
410,25,1
410,30,1
410,35,1
410,40,1
410,45,1
410,50,1
410,55,1
410,60,1
410,65,1
410,70,1
410,75,1
410,80,1
410,85,1
410,90,1
410,95,1
410,100,1
410,105,1
410,110,1
410,115,1
410,120,1
410,125,1
410,130,1
410,135,1
410,140,1
410,145,1
410,150,1
410,155,1
410,160,1
410,165,1
410,170,1
410,175,1
410,180,1
410,185,1
410,190,1
410,195,1
410,200,1
410,205,1
410,210,1
410,215,1
410,220,1
410,225,1
410,230,5
410,235,1
410,240,1
410,245,1
410,250,1
410,255,1
410,260,5
410,265,1
410,270,1
410,275,1
410,280,1
410,285,1
410,290,5
410,295,1
410,300,1
410,305,1
410,310,1
410,315,1
410,320,1
410,325,1
410,330,1
410,335,1
410,340,1
410,345,1
410,350,1
410,355,1
410,360,1
410,365,1
410,370,1
410,375,1
410,380,1
410,385,1
410,390,1
410,395,1
410,400,1
410,405,1
410,410,1
410,415,1
410,420,1
410,425,1
410,430,1
410,435,1
410,440,1
410,445,1
410,450,1
410,455,1
410,460,1
410,465,1
410,470,1
410,475,1
410,480,1
410,485,1
410,490,1
410,495,1
415,0,1
415,5,1
415,10,1
415,15,1
415,20,1
415,25,1
415,30,1
415,35,1
415,40,1
415,45,1
415,50,1
415,55,1
415,60,1
415,65,1
415,70,1
415,75,1
415,80,1
415,85,1
415,90,1
415,95,1
415,100,1
415,105,1
415,110,1
415,115,1
415,120,1
415,125,1
415,130,1
415,135,1
415,140,1
415,145,1
415,150,1
415,155,1
415,160,1
415,165,1
415,170,1
415,175,1
415,180,1
415,185,1
415,190,1
415,195,1
415,200,1
415,205,1
415,210,1
415,215,1
415,220,1
415,225,1
415,230,5
415,235,1
415,240,1
415,245,1
415,250,1
415,255,1
415,260,5
415,265,1
415,270,1
415,275,1
415,280,1
415,285,1
415,290,5
415,295,1
415,300,1
415,305,1
415,310,1
415,315,1
415,320,1
415,325,1
415,330,1
415,335,1
415,340,1
415,345,1
415,350,1
415,355,1
415,360,1
415,365,1
415,370,1
415,375,1
415,380,1
415,385,1
415,390,1
415,395,1
415,400,1
415,405,1
415,410,1
415,415,1
415,420,1
415,425,1
415,430,1
415,435,1
415,440,1
415,445,1
415,450,1
415,455,1
415,460,1
415,465,1
415,470,1
415,475,1
415,480,1
415,485,1
415,490,1
415,495,1
420,0,1
420,5,1
420,10,1
420,15,1
420,20,1
420,25,1
420,30,1
420,35,1
420,40,1
420,45,1
420,50,1
420,55,1
420,60,1
420,65,1
420,70,1
420,75,1
420,80,1
420,85,1
420,90,1
420,95,1
420,100,1
420,105,1
420,110,1
420,115,1
420,120,1
420,125,1
420,130,1
420,135,1
420,140,1
420,145,1
420,150,1
420,155,1
420,160,1
420,165,1
420,170,1
420,175,1
420,180,1
420,185,1
420,190,1
420,195,1
420,200,1
420,205,1
420,210,1
420,215,1
420,220,1
420,225,1
420,230,2
420,235,5
420,240,1
420,245,1
420,250,1
420,255,5
420,260,2
420,265,1
420,270,1
420,275,1
420,280,3
420,285,5
420,290,1
420,295,1
420,300,1
420,305,1
420,310,1
420,315,1
420,320,1
420,325,1
420,330,1
420,335,1
420,340,1
420,345,1
420,350,1
420,355,1
420,360,1
420,365,1
420,370,1
420,375,1
420,380,1
420,385,1
420,390,1
420,395,1
420,400,1
420,405,1
420,410,1
420,415,1
420,420,1
420,425,1
420,430,1
420,435,1
420,440,1
420,445,1
420,450,1
420,455,1
420,460,1
420,465,1
420,470,1
420,475,1
420,480,1
420,485,1
420,490,1
420,495,1
425,0,1
425,5,1
425,10,1
425,15,1
425,20,1
425,25,1
425,30,1
425,35,1
425,40,1
425,45,1
425,50,1
425,55,1
425,60,1
425,65,1
425,70,1
425,75,1
425,80,1
425,85,1
425,90,1
425,95,1
425,100,1
425,105,1
425,110,1
425,115,1
425,120,1
425,125,1
425,130,1
425,135,1
425,140,1
425,145,1
425,150,1
425,155,1
425,160,1
425,165,1
425,170,1
425,175,1
425,180,1
425,185,1
425,190,1
425,195,1
425,200,1
425,205,1
425,210,1
425,215,1
425,220,1
425,225,1
425,230,1
425,235,4
425,240,5
425,245,5
425,250,5
425,255,5
425,260,5
425,265,5
425,270,5
425,275,5
425,280,5
425,285,5
425,290,5
425,295,1
425,300,1
425,305,1
425,310,1
425,315,1
425,320,1
425,325,1
425,330,1
425,335,1
425,340,1
425,345,1
425,350,1
425,355,1
425,360,1
425,365,1
425,370,1
425,375,1
425,380,1
425,385,1
425,390,1
425,395,1
425,400,1
425,405,1
425,410,1
425,415,1
425,420,1
425,425,1
425,430,1
425,435,1
425,440,1
425,445,1
425,450,1
425,455,1
425,460,1
425,465,1
425,470,1
425,475,1
425,480,1
425,485,1
425,490,1
425,495,1
430,0,1
430,5,1
430,10,1
430,15,1
430,20,1
430,25,1
430,30,1
430,35,1
430,40,1
430,45,1
430,50,1
430,55,1
430,60,1
430,65,1
430,70,1
430,75,1
430,80,1
430,85,1
430,90,1
430,95,1
430,100,1
430,105,1
430,110,1
430,115,1
430,120,1
430,125,1
430,130,1
430,135,1
430,140,1
430,145,1
430,150,1
430,155,1
430,160,1
430,165,1
430,170,1
430,175,1
430,180,1
430,185,1
430,190,1
430,195,1
430,200,1
430,205,1
430,210,1
430,215,1
430,220,1
430,225,1
430,230,1
430,235,1
430,240,1
430,245,1
430,250,1
430,255,1
430,260,1
430,265,1
430,270,1
430,275,1
430,280,1
430,285,1
430,290,5
430,295,1
430,300,1
430,305,1
430,310,1
430,315,1
430,320,1
430,325,1
430,330,1
430,335,1
430,340,1
430,345,1
430,350,1
430,355,1
430,360,1
430,365,1
430,370,1
430,375,1
430,380,1
430,385,1
430,390,1
430,395,1
430,400,1
430,405,1
430,410,1
430,415,1
430,420,1
430,425,1
430,430,1
430,435,1
430,440,1
430,445,1
430,450,1
430,455,1
430,460,1
430,465,1
430,470,1
430,475,1
430,480,1
430,485,1
430,490,1
430,495,1
435,0,1
435,5,1
435,10,1
435,15,1
435,20,1
435,25,1
435,30,1
435,35,1
435,40,1
435,45,1
435,50,1
435,55,1
435,60,1
435,65,1
435,70,1
435,75,1
435,80,1
435,85,1
435,90,1
435,95,1
435,100,1
435,105,1
435,110,1
435,115,1
435,120,1
435,125,1
435,130,1
435,135,1
435,140,1
435,145,1
435,150,1
435,155,1
435,160,1
435,165,1
435,170,1
435,175,1
435,180,1
435,185,1
435,190,1
435,195,1
435,200,1
435,205,1
435,210,1
435,215,1
435,220,1
435,225,1
435,230,1
435,235,1
435,240,1
435,245,1
435,250,1
435,255,1
435,260,1
435,265,1
435,270,1
435,275,1
435,280,1
435,285,1
435,290,5
435,295,1
435,300,1
435,305,1
435,310,1
435,315,1
435,320,1
435,325,1
435,330,1
435,335,1
435,340,1
435,345,1
435,350,1
435,355,1
435,360,1
435,365,1
435,370,1
435,375,1
435,380,1
435,385,1
435,390,1
435,395,1
435,400,1
435,405,1
435,410,1
435,415,1
435,420,1
435,425,1
435,430,1
435,435,1
435,440,1
435,445,1
435,450,1
435,455,1
435,460,1
435,465,1
435,470,1
435,475,1
435,480,1
435,485,1
435,490,1
435,495,1
440,0,1
440,5,1
440,10,1
440,15,1
440,20,1
440,25,1
440,30,1
440,35,1
440,40,1
440,45,1
440,50,1
440,55,1
440,60,1
440,65,1
440,70,1
440,75,1
440,80,1
440,85,1
440,90,1
440,95,1
440,100,1
440,105,1
440,110,1
440,115,1
440,120,1
440,125,1
440,130,1
440,135,1
440,140,1
440,145,1
440,150,1
440,155,1
440,160,1
440,165,1
440,170,1
440,175,1
440,180,1
440,185,1
440,190,1
440,195,1
440,200,1
440,205,1
440,210,1
440,215,1
440,220,1
440,225,1
440,230,1
440,235,1
440,240,1
440,245,1
440,250,1
440,255,1
440,260,1
440,265,1
440,270,1
440,275,1
440,280,1
440,285,1
440,290,1
440,295,1
440,300,1
440,305,1
440,310,1
440,315,1
440,320,1
440,325,1
440,330,1
440,335,1
440,340,1
440,345,1
440,350,1
440,355,1
440,360,1
440,365,1
440,370,1
440,375,1
440,380,1
440,385,1
440,390,1
440,395,1
440,400,1
440,405,1
440,410,1
440,415,1
440,420,1
440,425,1
440,430,1
440,435,1
440,440,1
440,445,1
440,450,1
440,455,1
440,460,1
440,465,1
440,470,1
440,475,1
440,480,1
440,485,1
440,490,1
440,495,1
445,0,1
445,5,1
445,10,1
445,15,1
445,20,1
445,25,1
445,30,1
445,35,1
445,40,1
445,45,1
445,50,1
445,55,1
445,60,1
445,65,1
445,70,1
445,75,1
445,80,1
445,85,1
445,90,1
445,95,1
445,100,1
445,105,1
445,110,1
445,115,1
445,120,1
445,125,1
445,130,1
445,135,1
445,140,1
445,145,1
445,150,1
445,155,1
445,160,1
445,165,1
445,170,1
445,175,1
445,180,1
445,185,1
445,190,1
445,195,1
445,200,1
445,205,5
445,210,5
445,215,5
445,220,5
445,225,5
445,230,5
445,235,5
445,240,5
445,245,5
445,250,5
445,255,5
445,260,5
445,265,5
445,270,5
445,275,5
445,280,5
445,285,5
445,290,5
445,295,1
445,300,1
445,305,1
445,310,1
445,315,1
445,320,1
445,325,1
445,330,1
445,335,1
445,340,1
445,345,1
445,350,1
445,355,1
445,360,1
445,365,1
445,370,1
445,375,1
445,380,1
445,385,1
445,390,1
445,395,1
445,400,1
445,405,1
445,410,1
445,415,1
445,420,1
445,425,1
445,430,1
445,435,1
445,440,1
445,445,1
445,450,1
445,455,1
445,460,1
445,465,1
445,470,1
445,475,1
445,480,1
445,485,1
445,490,1
445,495,1
450,0,1
450,5,1
450,10,1
450,15,1
450,20,1
450,25,1
450,30,1
450,35,1
450,40,1
450,45,1
450,50,1
450,55,1
450,60,1
450,65,1
450,70,1
450,75,1
450,80,1
450,85,1
450,90,1
450,95,1
450,100,1
450,105,1
450,110,1
450,115,1
450,120,1
450,125,1
450,130,1
450,135,1
450,140,1
450,145,1
450,150,1
450,155,1
450,160,1
450,165,1
450,170,1
450,175,1
450,180,1
450,185,1
450,190,1
450,195,1
450,200,1
450,205,1
450,210,1
450,215,1
450,220,1
450,225,1
450,230,1
450,235,1
450,240,1
450,245,1
450,250,1
450,255,1
450,260,1
450,265,1
450,270,1
450,275,1
450,280,1
450,285,1
450,290,1
450,295,1
450,300,1
450,305,1
450,310,1
450,315,1
450,320,1
450,325,1
450,330,1
450,335,1
450,340,1
450,345,1
450,350,1
450,355,1
450,360,1
450,365,1
450,370,1
450,375,1
450,380,1
450,385,1
450,390,1
450,395,1
450,400,1
450,405,1
450,410,1
450,415,1
450,420,1
450,425,1
450,430,1
450,435,1
450,440,1
450,445,1
450,450,1
450,455,1
450,460,1
450,465,1
450,470,1
450,475,1
450,480,1
450,485,1
450,490,1
450,495,1
455,0,1
455,5,1
455,10,1
455,15,1
455,20,1
455,25,1
455,30,1
455,35,1
455,40,1
455,45,1
455,50,1
455,55,1
455,60,1
455,65,1
455,70,1
455,75,1
455,80,1
455,85,1
455,90,1
455,95,1
455,100,1
455,105,1
455,110,1
455,115,1
455,120,1
455,125,1
455,130,1
455,135,1
455,140,1
455,145,1
455,150,1
455,155,1
455,160,1
455,165,1
455,170,1
455,175,1
455,180,1
455,185,1
455,190,1
455,195,1
455,200,1
455,205,1
455,210,1
455,215,1
455,220,1
455,225,1
455,230,1
455,235,1
455,240,1
455,245,1
455,250,1
455,255,1
455,260,1
455,265,1
455,270,1
455,275,1
455,280,1
455,285,1
455,290,1
455,295,1
455,300,1
455,305,1
455,310,1
455,315,1
455,320,1
455,325,1
455,330,1
455,335,1
455,340,1
455,345,1
455,350,1
455,355,1
455,360,1
455,365,1
455,370,1
455,375,1
455,380,1
455,385,1
455,390,1
455,395,1
455,400,1
455,405,1
455,410,1
455,415,1
455,420,1
455,425,1
455,430,1
455,435,1
455,440,1
455,445,1
455,450,1
455,455,1
455,460,1
455,465,1
455,470,1
455,475,1
455,480,1
455,485,1
455,490,1
455,495,1
460,0,1
460,5,1
460,10,1
460,15,1
460,20,1
460,25,1
460,30,1
460,35,1
460,40,1
460,45,1
460,50,1
460,55,1
460,60,1
460,65,1
460,70,1
460,75,1
460,80,1
460,85,1
460,90,1
460,95,1
460,100,1
460,105,1
460,110,1
460,115,1
460,120,1
460,125,1
460,130,1
460,135,1
460,140,1
460,145,1
460,150,1
460,155,1
460,160,1
460,165,1
460,170,1
460,175,1
460,180,1
460,185,1
460,190,1
460,195,1
460,200,1
460,205,1
460,210,1
460,215,1
460,220,1
460,225,1
460,230,1
460,235,1
460,240,1
460,245,1
460,250,1
460,255,1
460,260,1
460,265,1
460,270,1
460,275,1
460,280,1
460,285,1
460,290,1
460,295,1
460,300,1
460,305,1
460,310,1
460,315,1
460,320,1
460,325,1
460,330,1
460,335,1
460,340,1
460,345,1
460,350,1
460,355,1
460,360,1
460,365,1
460,370,1
460,375,1
460,380,1
460,385,1
460,390,1
460,395,1
460,400,1
460,405,1
460,410,1
460,415,1
460,420,1
460,425,1
460,430,1
460,435,1
460,440,1
460,445,1
460,450,1
460,455,1
460,460,1
460,465,1
460,470,1
460,475,1
460,480,1
460,485,1
460,490,1
460,495,1
465,0,1
465,5,1
465,10,1
465,15,1
465,20,1
465,25,1
465,30,1
465,35,1
465,40,1
465,45,1
465,50,1
465,55,1
465,60,1
465,65,1
465,70,1
465,75,1
465,80,1
465,85,1
465,90,1
465,95,1
465,100,1
465,105,1
465,110,1
465,115,1
465,120,1
465,125,1
465,130,1
465,135,1
465,140,1
465,145,1
465,150,1
465,155,1
465,160,1
465,165,1
465,170,1
465,175,1
465,180,1
465,185,1
465,190,1
465,195,1
465,200,1
465,205,1
465,210,1
465,215,1
465,220,1
465,225,1
465,230,1
465,235,1
465,240,1
465,245,1
465,250,1
465,255,1
465,260,1
465,265,1
465,270,1
465,275,1
465,280,1
465,285,1
465,290,1
465,295,1
465,300,1
465,305,1
465,310,1
465,315,1
465,320,1
465,325,1
465,330,1
465,335,1
465,340,1
465,345,1
465,350,1
465,355,1
465,360,1
465,365,1
465,370,1
465,375,1
465,380,1
465,385,1
465,390,1
465,395,1
465,400,1
465,405,1
465,410,1
465,415,1
465,420,1
465,425,1
465,430,1
465,435,1
465,440,1
465,445,1
465,450,1
465,455,1
465,460,1
465,465,1
465,470,1
465,475,1
465,480,1
465,485,1
465,490,1
465,495,1
470,0,1
470,5,1
470,10,1
470,15,1
470,20,1
470,25,1
470,30,1
470,35,1
470,40,1
470,45,1
470,50,1
470,55,1
470,60,1
470,65,1
470,70,1
470,75,1
470,80,1
470,85,1
470,90,1
470,95,1
470,100,1
470,105,1
470,110,1
470,115,1
470,120,1
470,125,1
470,130,1
470,135,1
470,140,1
470,145,1
470,150,1
470,155,1
470,160,1
470,165,1
470,170,1
470,175,1
470,180,1
470,185,1
470,190,1
470,195,1
470,200,1
470,205,1
470,210,1
470,215,1
470,220,1
470,225,1
470,230,1
470,235,1
470,240,1
470,245,1
470,250,1
470,255,1
470,260,1
470,265,1
470,270,1
470,275,1
470,280,1
470,285,1
470,290,1
470,295,1
470,300,1
470,305,1
470,310,1
470,315,1
470,320,1
470,325,1
470,330,1
470,335,1
470,340,1
470,345,1
470,350,1
470,355,1
470,360,1
470,365,1
470,370,1
470,375,1
470,380,1
470,385,1
470,390,1
470,395,1
470,400,1
470,405,1
470,410,1
470,415,1
470,420,1
470,425,1
470,430,1
470,435,1
470,440,1
470,445,1
470,450,1
470,455,1
470,460,1
470,465,1
470,470,1
470,475,1
470,480,1
470,485,1
470,490,1
470,495,1
475,0,1
475,5,1
475,10,1
475,15,1
475,20,1
475,25,1
475,30,1
475,35,1
475,40,1
475,45,1
475,50,1
475,55,1
475,60,1
475,65,1
475,70,1
475,75,1
475,80,1
475,85,1
475,90,1
475,95,1
475,100,1
475,105,1
475,110,1
475,115,1
475,120,1
475,125,1
475,130,1
475,135,1
475,140,1
475,145,1
475,150,1
475,155,1
475,160,1
475,165,1
475,170,1
475,175,1
475,180,1
475,185,1
475,190,1
475,195,1
475,200,1
475,205,1
475,210,1
475,215,1
475,220,1
475,225,1
475,230,1
475,235,1
475,240,1
475,245,1
475,250,1
475,255,1
475,260,1
475,265,1
475,270,1
475,275,1
475,280,1
475,285,1
475,290,1
475,295,1
475,300,1
475,305,1
475,310,1
475,315,1
475,320,1
475,325,1
475,330,1
475,335,1
475,340,1
475,345,1
475,350,1
475,355,1
475,360,1
475,365,1
475,370,1
475,375,1
475,380,1
475,385,1
475,390,1
475,395,1
475,400,1
475,405,1
475,410,1
475,415,1
475,420,1
475,425,1
475,430,1
475,435,1
475,440,1
475,445,1
475,450,1
475,455,1
475,460,1
475,465,1
475,470,1
475,475,1
475,480,1
475,485,1
475,490,1
475,495,1
480,0,1
480,5,1
480,10,1
480,15,1
480,20,1
480,25,1
480,30,1
480,35,1
480,40,1
480,45,1
480,50,1
480,55,1
480,60,1
480,65,1
480,70,1
480,75,1
480,80,1
480,85,1
480,90,1
480,95,1
480,100,1
480,105,1
480,110,1
480,115,1
480,120,1
480,125,1
480,130,1
480,135,1
480,140,1
480,145,1
480,150,1
480,155,1
480,160,1
480,165,1
480,170,1
480,175,1
480,180,1
480,185,1
480,190,1
480,195,1
480,200,1
480,205,1
480,210,1
480,215,1
480,220,1
480,225,1
480,230,1
480,235,1
480,240,1
480,245,1
480,250,1
480,255,1
480,260,1
480,265,1
480,270,1
480,275,1
480,280,1
480,285,1
480,290,1
480,295,1
480,300,1
480,305,1
480,310,1
480,315,1
480,320,1
480,325,1
480,330,1
480,335,1
480,340,1
480,345,1
480,350,1
480,355,1
480,360,1
480,365,1
480,370,1
480,375,1
480,380,1
480,385,1
480,390,1
480,395,1
480,400,1
480,405,1
480,410,1
480,415,1
480,420,1
480,425,1
480,430,1
480,435,1
480,440,1
480,445,1
480,450,1
480,455,1
480,460,1
480,465,1
480,470,1
480,475,1
480,480,1
480,485,1
480,490,1
480,495,1
485,0,1
485,5,1
485,10,1
485,15,1
485,20,1
485,25,1
485,30,1
485,35,1
485,40,1
485,45,1
485,50,1
485,55,1
485,60,1
485,65,1
485,70,1
485,75,1
485,80,1
485,85,1
485,90,1
485,95,1
485,100,1
485,105,1
485,110,1
485,115,1
485,120,1
485,125,1
485,130,1
485,135,1
485,140,1
485,145,1
485,150,1
485,155,1
485,160,1
485,165,1
485,170,1
485,175,1
485,180,1
485,185,1
485,190,1
485,195,1
485,200,1
485,205,1
485,210,1
485,215,1
485,220,1
485,225,1
485,230,1
485,235,1
485,240,1
485,245,1
485,250,1
485,255,1
485,260,1
485,265,1
485,270,1
485,275,1
485,280,1
485,285,1
485,290,1
485,295,1
485,300,1
485,305,1
485,310,1
485,315,1
485,320,1
485,325,1
485,330,1
485,335,1
485,340,1
485,345,1
485,350,1
485,355,1
485,360,1
485,365,1
485,370,1
485,375,1
485,380,1
485,385,1
485,390,1
485,395,1
485,400,1
485,405,1
485,410,1
485,415,1
485,420,1
485,425,1
485,430,1
485,435,1
485,440,1
485,445,1
485,450,1
485,455,1
485,460,1
485,465,1
485,470,1
485,475,1
485,480,1
485,485,1
485,490,1
485,495,1
490,0,1
490,5,1
490,10,1
490,15,1
490,20,1
490,25,1
490,30,1
490,35,1
490,40,1
490,45,1
490,50,1
490,55,1
490,60,1
490,65,1
490,70,1
490,75,1
490,80,1
490,85,1
490,90,1
490,95,1
490,100,1
490,105,1
490,110,1
490,115,1
490,120,1
490,125,1
490,130,1
490,135,1
490,140,1
490,145,1
490,150,1
490,155,1
490,160,1
490,165,1
490,170,1
490,175,1
490,180,1
490,185,1
490,190,1
490,195,1
490,200,1
490,205,1
490,210,1
490,215,1
490,220,1
490,225,1
490,230,1
490,235,1
490,240,1
490,245,1
490,250,1
490,255,1
490,260,1
490,265,1
490,270,1
490,275,1
490,280,1
490,285,1
490,290,1
490,295,1
490,300,1
490,305,1
490,310,1
490,315,1
490,320,1
490,325,1
490,330,1
490,335,1
490,340,1
490,345,1
490,350,1
490,355,1
490,360,1
490,365,1
490,370,1
490,375,1
490,380,1
490,385,1
490,390,1
490,395,1
490,400,1
490,405,1
490,410,1
490,415,1
490,420,1
490,425,1
490,430,1
490,435,1
490,440,1
490,445,1
490,450,1
490,455,1
490,460,1
490,465,1
490,470,1
490,475,1
490,480,1
490,485,1
490,490,1
490,495,1
495,0,1
495,5,1
495,10,1
495,15,1
495,20,1
495,25,1
495,30,1
495,35,1
495,40,1
495,45,1
495,50,1
495,55,1
495,60,1
495,65,1
495,70,1
495,75,1
495,80,1
495,85,1
495,90,1
495,95,1
495,100,1
495,105,1
495,110,1
495,115,1
495,120,1
495,125,1
495,130,1
495,135,1
495,140,1
495,145,1
495,150,1
495,155,1
495,160,1
495,165,1
495,170,1
495,175,1
495,180,1
495,185,1
495,190,1
495,195,1
495,200,1
495,205,1
495,210,1
495,215,1
495,220,1
495,225,1
495,230,1
495,235,1
495,240,1
495,245,1
495,250,1
495,255,1
495,260,1
495,265,1
495,270,1
495,275,1
495,280,1
495,285,1
495,290,1
495,295,1
495,300,1
495,305,1
495,310,1
495,315,1
495,320,1
495,325,1
495,330,1
495,335,1
495,340,1
495,345,1
495,350,1
495,355,1
495,360,1
495,365,1
495,370,1
495,375,1
495,380,1
495,385,1
495,390,1
495,395,1
495,400,1
495,405,1
495,410,1
495,415,1
495,420,1
495,425,1
495,430,1
495,435,1
495,440,1
495,445,1
495,450,1
495,455,1
495,460,1
495,465,1
495,470,1
495,475,1
495,480,1
495,485,1
495,490,1
495,495,1